region,2013-01-01,2013-02-01,2013-03-01,2013-04-01,2013-05-01,2013-06-01,2013-07-01,2013-08-01,2013-09-01,2013-10-01,2013-11-01,2013-12-01,2014-01-01,2014-02-01,2014-03-01,2014-04-01,2014-05-01,2014-06-01,2014-07-01,2014-08-01,2014-09-01,2014-10-01,2014-11-01,2014-12-01,2015-01-01,2015-02-01,2015-03-01,2015-04-01,2015-05-01,2015-06-01,2015-07-01,2015-08-01,2015-09-01,2015-10-01,2015-11-01,2015-12-01,2016-01-01,2016-02-01,2016-03-01,2016-04-01,2016-05-01,2016-06-01,2016-07-01,2016-08-01,2016-09-01,2016-10-01,2016-11-01,2016-12-01
Ale,680.0,597.0,662.0,662.0,1048.0,622.0,758.0,851.0,737.0,1066.0,887.0,823.0,772.0,630.0,704.0,775.0,864.0,881.0,655.0,623.0,821.0,811.0,690.0,531.0,772.0,566.0,688.0,695.0,754.0,803.0,653.0,674.0,841.0,639.0,573.0,573.0,641.0,627.0,835.0,582.0,783.0,689.0,520.0,592.0,703.0,717.0,658.0,620.0
Alingsås,683.0,611.0,678.0,720.0,891.0,881.0,676.0,798.0,894.0,782.0,774.0,618.0,643.0,686.0,861.0,946.0,977.0,864.0,789.0,820.0,1000.0,910.0,897.0,784.0,822.0,833.0,1005.0,883.0,817.0,954.0,764.0,838.0,914.0,1125.0,741.0,815.0,763.0,927.0,803.0,884.0,1073.0,954.0,758.0,765.0,803.0,869.0,972.0,780.0
Alvesta,663.0,553.0,532.0,600.0,924.0,762.0,971.0,606.0,658.0,877.0,606.0,653.0,521.0,407.0,619.0,572.0,763.0,696.0,578.0,609.0,634.0,681.0,691.0,717.0,640.0,604.0,701.0,691.0,829.0,670.0,911.0,798.0,701.0,619.0,527.0,609.0,557.0,526.0,628.0,572.0,506.0,730.0,623.0,531.0,664.0,567.0,577.0,521.0
Aneby,563.0,250.0,1189.0,376.0,814.0,814.0,751.0,657.0,501.0,344.0,579.0,407.0,484.0,375.0,594.0,484.0,719.0,391.0,812.0,812.0,687.0,484.0,328.0,562.0,571.0,463.0,478.0,555.0,849.0,895.0,602.0,571.0,633.0,648.0,663.0,555.0,658.0,826.0,642.0,688.0,597.0,474.0,750.0,903.0,964.0,795.0,642.0,811.0
Arboga,983.0,700.0,775.0,931.0,909.0,1006.0,887.0,1214.0,723.0,1058.0,760.0,857.0,914.0,973.0,936.0,936.0,907.0,1121.0,1003.0,929.0,914.0,1069.0,723.0,641.0,618.0,691.0,946.0,1048.0,931.0,837.0,880.0,1331.0,924.0,691.0,851.0,575.0,534.0,866.0,772.0,794.0,592.0,671.0,657.0,902.0,671.0,606.0,837.0,649.0
Arjeplog,298.0,298.0,597.0,729.0,563.0,563.0,762.0,530.0,497.0,497.0,928.0,464.0,747.0,544.0,612.0,1087.0,781.0,1155.0,713.0,272.0,612.0,645.0,408.0,442.0,656.0,380.0,932.0,242.0,483.0,311.0,483.0,1277.0,1001.0,794.0,621.0,414.0,623.0,1005.0,970.0,970.0,623.0,797.0,797.0,866.0,381.0,693.0,866.0,831.0
Arvidsjaur,386.0,417.0,448.0,541.0,587.0,788.0,263.0,526.0,649.0,526.0,356.0,479.0,803.0,371.0,571.0,571.0,710.0,432.0,849.0,1065.0,803.0,648.0,633.0,602.0,756.0,741.0,633.0,463.0,803.0,525.0,756.0,741.0,648.0,463.0,679.0,633.0,448.0,742.0,881.0,541.0,634.0,649.0,742.0,850.0,989.0,1020.0,1035.0,865.0
Arvika,860.0,747.0,782.0,728.0,1111.0,902.0,705.0,906.0,736.0,984.0,918.0,767.0,756.0,694.0,709.0,954.0,973.0,837.0,822.0,884.0,938.0,1039.0,1074.0,830.0,899.0,550.0,938.0,1023.0,1062.0,829.0,926.0,1360.0,818.0,988.0,682.0,756.0,902.0,546.0,871.0,735.0,817.0,917.0,894.0,1173.0,956.0,890.0,739.0,867.0
Askersund,1248.0,733.0,733.0,624.0,507.0,787.0,1176.0,724.0,905.0,624.0,534.0,525.0,540.0,567.0,684.0,576.0,756.0,783.0,1026.0,684.0,810.0,1152.0,648.0,792.0,683.0,395.0,629.0,781.0,718.0,674.0,1239.0,970.0,1203.0,961.0,1159.0,1132.0,744.0,816.0,843.0,1049.0,753.0,906.0,870.0,798.0,1148.0,942.0,628.0,547.0
Avesta,906.0,697.0,660.0,711.0,1031.0,1101.0,743.0,897.0,762.0,873.0,753.0,641.0,977.0,812.0,780.0,794.0,913.0,871.0,807.0,876.0,757.0,784.0,679.0,518.0,598.0,500.0,759.0,995.0,737.0,781.0,870.0,1009.0,1147.0,790.0,777.0,804.0,773.0,773.0,816.0,882.0,1216.0,1058.0,869.0,970.0,1295.0,869.0,970.0,1058.0
Bengtsfors,470.0,711.0,637.0,836.0,941.0,857.0,930.0,679.0,376.0,711.0,439.0,491.0,649.0,419.0,586.0,597.0,806.0,691.0,743.0,858.0,628.0,670.0,502.0,555.0,657.0,615.0,1084.0,1282.0,573.0,1168.0,667.0,563.0,500.0,626.0,615.0,459.0,810.0,509.0,706.0,665.0,914.0,758.0,665.0,2431.0,945.0,686.0,603.0,790.0
Berg,751.0,570.0,668.0,682.0,306.0,696.0,835.0,515.0,668.0,292.0,445.0,390.0,366.0,422.0,548.0,562.0,548.0,548.0,394.0,590.0,590.0,422.0,422.0,422.0,369.0,496.0,511.0,525.0,851.0,993.0,624.0,596.0,667.0,624.0,440.0,496.0,384.0,412.0,526.0,569.0,327.0,583.0,526.0,910.0,711.0,327.0,611.0,882.0
Bjurholm,247.0,165.0,247.0,371.0,618.0,453.0,453.0,453.0,165.0,371.0,371.0,659.0,655.0,205.0,614.0,327.0,573.0,409.0,655.0,737.0,409.0,573.0,286.0,1146.0,979.0,408.0,734.0,816.0,489.0,530.0,489.0,1020.0,326.0,612.0,653.0,816.0,571.0,408.0,2364.0,978.0,408.0,448.0,489.0,693.0,367.0,571.0,408.0,611.0
Bjuv,1119.0,924.0,789.0,1058.0,1348.0,1018.0,1200.0,1793.0,1025.0,1375.0,1065.0,1018.0,1462.0,1037.0,1327.0,1347.0,1307.0,1556.0,1010.0,1145.0,1374.0,1643.0,1206.0,1495.0,1145.0,945.0,1212.0,991.0,1139.0,998.0,851.0,871.0,1139.0,1065.0,871.0,1112.0,802.0,936.0,1043.0,902.0,876.0,1003.0,835.0,1216.0,1083.0,1003.0,1130.0,749.0
Boden,743.0,642.0,610.0,779.0,754.0,823.0,913.0,934.0,891.0,844.0,689.0,588.0,599.0,485.0,650.0,1181.0,797.0,596.0,725.0,754.0,904.0,621.0,614.0,628.0,670.0,817.0,717.0,566.0,703.0,781.0,789.0,1061.0,986.0,925.0,789.0,699.0,681.0,810.0,659.0,949.0,656.0,888.0,842.0,781.0,885.0,802.0,1021.0,763.0
Bollebygd,598.0,656.0,762.0,434.0,516.0,1254.0,551.0,586.0,340.0,621.0,598.0,258.0,569.0,465.0,651.0,558.0,581.0,430.0,744.0,465.0,674.0,674.0,651.0,523.0,630.0,401.0,791.0,619.0,562.0,653.0,676.0,562.0,642.0,791.0,665.0,436.0,432.0,557.0,682.0,602.0,421.0,386.0,330.0,489.0,455.0,693.0,693.0,477.0
Bollnäs,658.0,493.0,512.0,604.0,665.0,719.0,830.0,925.0,857.0,815.0,585.0,700.0,541.0,605.0,773.0,662.0,853.0,887.0,758.0,1036.0,929.0,1230.0,887.0,765.0,845.0,732.0,702.0,676.0,732.0,902.0,630.0,808.0,778.0,623.0,910.0,691.0,767.0,1207.0,835.0,831.0,918.0,733.0,752.0,635.0,846.0,745.0,654.0,756.0
Borgholm,458.0,252.0,842.0,673.0,589.0,1702.0,2039.0,916.0,468.0,645.0,711.0,524.0,685.0,376.0,432.0,573.0,545.0,1606.0,1568.0,986.0,526.0,535.0,892.0,254.0,496.0,487.0,262.0,393.0,580.0,1255.0,1526.0,983.0,721.0,805.0,627.0,627.0,861.0,843.0,749.0,683.0,833.0,1461.0,1386.0,1152.0,543.0,637.0,552.0,468.0
Borlänge,840.0,931.0,987.0,961.0,1194.0,1053.0,848.0,1228.0,1198.0,973.0,1085.0,806.0,870.0,792.0,941.0,1084.0,939.0,1148.0,959.0,1231.0,1134.0,1062.0,897.0,796.0,895.0,824.0,1123.0,1044.0,1023.0,1178.0,1028.0,1225.0,1331.0,1146.0,983.0,926.0,1138.0,987.0,1190.0,1273.0,1265.0,1298.0,1334.0,1157.0,1218.0,1100.0,920.0,971.0
Borås,879.0,758.0,954.0,963.0,1066.0,910.0,856.0,971.0,1016.0,1032.0,1059.0,928.0,1134.0,1266.0,1064.0,1224.0,1100.0,921.0,939.0,956.0,1092.0,1085.0,1041.0,904.0,999.0,962.0,1048.0,935.0,1023.0,963.0,889.0,939.0,1016.0,1110.0,975.0,940.0,872.0,918.0,1044.0,1056.0,1160.0,1087.0,802.0,931.0,985.0,1126.0,918.0,1006.0
Botkyrka,1229.0,1073.0,1100.0,1214.0,1252.0,1202.0,982.0,1246.0,1163.0,1332.0,1184.0,1055.0,1150.0,1054.0,1302.0,1267.0,1268.0,1031.0,1009.0,1197.0,1264.0,1485.0,1340.0,1240.0,1176.0,1083.0,1162.0,1348.0,1397.0,1320.0,1254.0,1357.0,1473.0,1298.0,1072.0,1168.0,1271.0,1326.0,1133.0,1373.0,1267.0,1223.0,1183.0,1183.0,1368.0,1367.0,1093.0,1009.0
Boxholm,267.0,458.0,515.0,362.0,591.0,477.0,515.0,649.0,744.0,458.0,439.0,172.0,491.0,887.0,472.0,340.0,509.0,396.0,491.0,491.0,434.0,792.0,358.0,434.0,282.0,319.0,469.0,357.0,413.0,357.0,338.0,826.0,507.0,808.0,225.0,432.0,601.0,357.0,413.0,469.0,657.0,450.0,469.0,413.0,807.0,676.0,469.0,526.0
Bromölla,643.0,797.0,708.0,545.0,813.0,618.0,732.0,838.0,911.0,919.0,504.0,732.0,631.0,590.0,1625.0,526.0,647.0,776.0,970.0,784.0,647.0,792.0,817.0,695.0,907.0,538.0,747.0,763.0,835.0,594.0,843.0,867.0,682.0,714.0,690.0,466.0,775.0,591.0,599.0,703.0,743.0,623.0,543.0,607.0,599.0,591.0,487.0,799.0
Bräcke,499.0,424.0,454.0,575.0,651.0,696.0,757.0,605.0,469.0,530.0,363.0,333.0,323.0,384.0,522.0,614.0,323.0,614.0,660.0,568.0,399.0,399.0,491.0,415.0,449.0,310.0,372.0,511.0,341.0,697.0,542.0,882.0,480.0,434.0,495.0,511.0,868.0,356.0,759.0,449.0,573.0,480.0,573.0,930.0,372.0,325.0,728.0,604.0
Burlöv,1360.0,1184.0,1090.0,1260.0,1266.0,1260.0,1166.0,1266.0,1289.0,1553.0,1366.0,1184.0,1334.0,1020.0,1253.0,1154.0,1037.0,1043.0,1078.0,961.0,1095.0,1474.0,1078.0,827.0,1155.0,906.0,1028.0,1005.0,1022.0,1022.0,722.0,878.0,1005.0,1339.0,1149.0,889.0,889.0,912.0,970.0,1061.0,1262.0,1199.0,872.0,1113.0,1153.0,1113.0,855.0,843.0
Båstad,792.0,575.0,785.0,974.0,925.0,841.0,1696.0,771.0,743.0,701.0,694.0,413.0,404.0,551.0,857.0,760.0,795.0,1032.0,1791.0,732.0,1052.0,983.0,892.0,683.0,1021.0,882.0,827.0,979.0,764.0,1313.0,1702.0,1104.0,577.0,715.0,806.0,993.0,598.0,640.0,918.0,696.0,765.0,1259.0,1405.0,1183.0,1051.0,932.0,584.0,668.0
Dals-Ed,957.0,404.0,574.0,638.0,702.0,617.0,723.0,532.0,425.0,319.0,362.0,298.0,715.0,210.0,842.0,337.0,379.0,652.0,442.0,652.0,526.0,821.0,863.0,316.0,481.0,314.0,293.0,565.0,732.0,607.0,732.0,314.0,523.0,690.0,732.0,481.0,604.0,625.0,729.0,667.0,896.0,583.0,667.0,563.0,625.0,854.0,479.0,396.0
Danderyd,686.0,676.0,726.0,745.0,770.0,1025.0,823.0,957.0,982.0,832.0,1019.0,739.0,781.0,914.0,784.0,1069.0,862.0,918.0,821.0,945.0,1063.0,1175.0,989.0,778.0,921.0,844.0,1184.0,1057.0,1113.0,1063.0,1233.0,1156.0,1338.0,986.0,1014.0,958.0,1086.0,1308.0,802.0,987.0,953.0,1043.0,876.0,898.0,1058.0,1413.0,830.0,950.0
Degerfors,1012.0,632.0,495.0,580.0,611.0,537.0,980.0,896.0,748.0,980.0,780.0,738.0,536.0,525.0,694.0,694.0,746.0,788.0,715.0,830.0,956.0,788.0,1051.0,683.0,703.0,703.0,776.0,1038.0,965.0,1195.0,587.0,587.0,870.0,818.0,461.0,661.0,472.0,430.0,744.0,513.0,692.0,828.0,545.0,870.0,922.0,817.0,775.0,629.0
Dorotea,252.0,360.0,288.0,324.0,432.0,360.0,576.0,685.0,685.0,324.0,360.0,468.0,326.0,399.0,617.0,689.0,617.0,435.0,689.0,580.0,1016.0,363.0,363.0,399.0,182.0,837.0,582.0,437.0,873.0,437.0,437.0,946.0,327.0,728.0,218.0,364.0,511.0,693.0,365.0,328.0,584.0,547.0,730.0,766.0,620.0,547.0,912.0,657.0
Eda,768.0,745.0,886.0,827.0,1170.0,1194.0,1229.0,839.0,1170.0,993.0,697.0,1135.0,877.0,901.0,829.0,818.0,1019.0,1138.0,1114.0,1446.0,948.0,1244.0,640.0,901.0,743.0,790.0,660.0,1168.0,885.0,849.0,1132.0,1156.0,1262.0,1392.0,1073.0,1120.0,2140.0,999.0,976.0,694.0,1105.0,670.0,858.0,800.0,1082.0,847.0,1117.0,905.0
Ekerö,564.0,468.0,529.0,529.0,705.0,724.0,651.0,830.0,655.0,960.0,811.0,526.0,460.0,460.0,422.0,581.0,712.0,528.0,524.0,663.0,697.0,528.0,475.0,388.0,421.0,455.0,536.0,604.0,745.0,678.0,592.0,842.0,570.0,496.0,477.0,518.0,426.0,471.0,756.0,537.0,578.0,930.0,767.0,560.0,649.0,749.0,408.0,548.0
Eksjö,658.0,481.0,701.0,743.0,926.0,877.0,902.0,969.0,1054.0,841.0,835.0,828.0,786.0,1028.0,762.0,678.0,847.0,1204.0,1361.0,1174.0,1180.0,1222.0,871.0,756.0,1000.0,815.0,887.0,928.0,928.0,1024.0,857.0,1054.0,899.0,1054.0,1000.0,964.0,619.0,733.0,935.0,899.0,1024.0,935.0,1018.0,1286.0,1036.0,1024.0,727.0,822.0
Emmaboda,780.0,524.0,535.0,624.0,1203.0,880.0,3642.0,1337.0,1069.0,902.0,791.0,635.0,668.0,467.0,734.0,801.0,601.0,790.0,3394.0,723.0,1168.0,1558.0,823.0,990.0,851.0,895.0,983.0,950.0,1989.0,1425.0,3205.0,1039.0,1017.0,1304.0,983.0,862.0,1056.0,1023.0,869.0,902.0,1089.0,770.0,4356.0,1903.0,1023.0,935.0,1100.0,1023.0
Enköping,1039.0,760.0,810.0,941.0,1247.0,1136.0,923.0,997.0,1094.0,1067.0,1165.0,899.0,1102.0,824.0,1010.0,1002.0,1269.0,1080.0,963.0,963.0,1124.0,1098.0,1029.0,931.0,1026.0,975.0,1134.0,1072.0,1192.0,1274.0,1529.0,1007.0,1161.0,1134.0,997.0,812.0,852.0,843.0,974.0,1017.0,998.0,1232.0,859.0,986.0,945.0,1007.0,890.0,974.0
Eskilstuna,1087.0,936.0,1014.0,1205.0,1573.0,1247.0,1109.0,1234.0,1200.0,1283.0,1281.0,1100.0,1138.0,1140.0,1359.0,1228.0,1383.0,1297.0,1309.0,1412.0,1315.0,1426.0,1162.0,1091.0,1089.0,977.0,1263.0,1368.0,1686.0,1444.0,1360.0,1548.0,1431.0,1423.0,1194.0,1298.0,1207.0,1344.0,1388.0,1340.0,1398.0,1424.0,1258.0,1501.0,1357.0,1267.0,1243.0,1114.0
Eslöv,1112.0,880.0,964.0,1008.0,1197.0,1081.0,1225.0,917.0,936.0,1319.0,914.0,1021.0,874.0,920.0,942.0,980.0,880.0,1002.0,1145.0,1232.0,1351.0,949.0,992.0,924.0,1021.0,907.0,932.0,963.0,1148.0,910.0,922.0,1284.0,1077.0,1377.0,1235.0,885.0,1147.0,1036.0,1097.0,1292.0,1104.0,1116.0,1030.0,876.0,1030.0,740.0,740.0,990.0
Essunga,800.0,182.0,855.0,655.0,728.0,837.0,837.0,855.0,564.0,782.0,582.0,546.0,435.0,671.0,1305.0,834.0,616.0,489.0,435.0,381.0,471.0,598.0,1088.0,707.0,1060.0,809.0,881.0,485.0,827.0,773.0,1168.0,593.0,1510.0,881.0,773.0,629.0,698.0,447.0,912.0,608.0,1163.0,733.0,912.0,841.0,1109.0,662.0,537.0,519.0
Fagersta,612.0,510.0,902.0,839.0,847.0,753.0,949.0,949.0,1098.0,964.0,910.0,1066.0,915.0,969.0,984.0,923.0,1092.0,1231.0,1738.0,1231.0,1300.0,1177.0,1138.0,808.0,931.0,1022.0,878.0,787.0,871.0,568.0,954.0,969.0,999.0,1105.0,780.0,1007.0,798.0,963.0,1513.0,1927.0,1174.0,790.0,926.0,1182.0,1264.0,1039.0,1054.0,851.0
Falkenberg,912.0,871.0,761.0,768.0,996.0,977.0,1051.0,924.0,1006.0,924.0,970.0,1008.0,707.0,756.0,854.0,991.0,1072.0,932.0,1067.0,956.0,1072.0,951.0,896.0,747.0,853.0,796.0,1024.0,1010.0,1040.0,972.0,1199.0,1017.0,1019.0,1281.0,979.0,759.0,973.0,983.0,943.0,1055.0,1169.0,1113.0,1327.0,1008.0,1201.0,896.0,962.0,754.0
Falköping,716.0,660.0,817.0,732.0,722.0,713.0,829.0,732.0,813.0,889.0,707.0,726.0,686.0,745.0,676.0,676.0,863.0,779.0,820.0,817.0,785.0,757.0,929.0,982.0,798.0,677.0,686.0,798.0,825.0,828.0,847.0,866.0,946.0,726.0,764.0,711.0,704.0,744.0,901.0,800.0,809.0,643.0,815.0,809.0,800.0,643.0,741.0,744.0
Falun,597.0,553.0,542.0,571.0,668.0,703.0,622.0,783.0,753.0,648.0,673.0,565.0,720.0,690.0,674.0,672.0,665.0,882.0,679.0,619.0,753.0,709.0,728.0,600.0,576.0,699.0,707.0,662.0,725.0,704.0,734.0,690.0,834.0,760.0,667.0,595.0,682.0,568.0,627.0,689.0,811.0,722.0,598.0,745.0,1181.0,799.0,636.0,561.0
Filipstad,1042.0,872.0,1014.0,881.0,748.0,1118.0,1260.0,1364.0,1250.0,1269.0,1184.0,947.0,859.0,1199.0,916.0,992.0,1105.0,1077.0,1114.0,973.0,1181.0,1001.0,954.0,841.0,1008.0,659.0,1441.0,1620.0,1893.0,1639.0,1168.0,1676.0,1337.0,1243.0,1111.0,669.0,753.0,932.0,1365.0,998.0,1167.0,1195.0,1478.0,1111.0,1242.0,1016.0,1045.0,941.0
Finspång,600.0,484.0,585.0,672.0,777.0,753.0,513.0,667.0,791.0,1151.0,696.0,878.0,908.0,628.0,823.0,690.0,590.0,609.0,785.0,671.0,1008.0,785.0,504.0,761.0,609.0,666.0,656.0,822.0,1209.0,675.0,741.0,1492.0,864.0,902.0,784.0,548.0,693.0,561.0,538.0,552.0,675.0,873.0,708.0,712.0,670.0,887.0,684.0,698.0
Flen,827.0,876.0,1038.0,876.0,926.0,1032.0,1256.0,951.0,1461.0,1144.0,1125.0,1069.0,1000.0,945.0,926.0,957.0,1043.0,1482.0,1290.0,1284.0,1290.0,1056.0,988.0,1080.0,1004.0,942.0,973.0,1634.0,1150.0,985.0,1371.0,1065.0,1236.0,949.0,930.0,1065.0,712.0,1131.0,1429.0,1010.0,1308.0,1302.0,1034.0,1071.0,1095.0,1016.0,1107.0,912.0
Forshaga,655.0,584.0,637.0,549.0,1035.0,885.0,637.0,496.0,496.0,761.0,584.0,442.0,556.0,538.0,697.0,503.0,715.0,635.0,679.0,618.0,441.0,476.0,644.0,406.0,413.0,325.0,589.0,475.0,694.0,624.0,598.0,817.0,536.0,536.0,510.0,413.0,308.0,431.0,580.0,510.0,809.0,580.0,685.0,668.0,694.0,457.0,413.0,694.0
Färgelanda,612.0,612.0,459.0,520.0,719.0,582.0,612.0,658.0,673.0,995.0,918.0,796.0,522.0,783.0,507.0,614.0,676.0,553.0,660.0,922.0,676.0,660.0,814.0,476.0,631.0,554.0,523.0,554.0,785.0,754.0,477.0,477.0,646.0,539.0,477.0,677.0,323.0,570.0,878.0,647.0,1062.0,831.0,539.0,1139.0,1032.0,708.0,231.0,647.0
Gagnef,479.0,260.0,190.0,329.0,409.0,649.0,659.0,978.0,589.0,639.0,409.0,439.0,259.0,329.0,219.0,638.0,489.0,429.0,559.0,638.0,638.0,668.0,329.0,259.0,388.0,448.0,507.0,388.0,527.0,507.0,378.0,298.0,348.0,487.0,289.0,289.0,268.0,288.0,179.0,417.0,1091.0,446.0,308.0,496.0,595.0,506.0,893.0,288.0
Gislaved,874.0,759.0,620.0,564.0,790.0,877.0,519.0,578.0,651.0,592.0,735.0,473.0,508.0,460.0,648.0,710.0,783.0,752.0,766.0,731.0,602.0,849.0,1037.0,1264.0,603.0,545.0,655.0,679.0,721.0,638.0,603.0,800.0,727.0,824.0,610.0,827.0,687.0,594.0,577.0,762.0,772.0,731.0,741.0,721.0,738.0,909.0,755.0,888.0
Gnesta,604.0,643.0,451.0,393.0,882.0,767.0,585.0,652.0,777.0,604.0,595.0,441.0,382.0,497.0,660.0,631.0,793.0,736.0,535.0,688.0,918.0,574.0,879.0,459.0,718.0,605.0,558.0,766.0,803.0,926.0,680.0,832.0,955.0,898.0,822.0,425.0,592.0,479.0,563.0,592.0,648.0,798.0,704.0,789.0,732.0,667.0,826.0,554.0
Gnosjö,629.0,416.0,490.0,704.0,768.0,1055.0,1343.0,1034.0,1055.0,650.0,458.0,597.0,476.0,402.0,634.0,634.0,645.0,751.0,983.0,476.0,856.0,550.0,465.0,465.0,852.0,694.0,505.0,589.0,746.0,620.0,589.0,841.0,484.0,536.0,536.0,378.0,473.0,599.0,441.0,473.0,662.0,547.0,652.0,820.0,673.0,568.0,557.0,505.0
Gotland,715.0,514.0,586.0,759.0,682.0,774.0,1374.0,925.0,830.0,774.0,652.0,573.0,724.0,586.0,884.0,797.0,898.0,1124.0,1453.0,898.0,912.0,1208.0,815.0,682.0,841.0,689.0,902.0,755.0,844.0,853.0,1155.0,1036.0,773.0,850.0,625.0,642.0,707.0,648.0,751.0,702.0,978.0,941.0,1239.0,925.0,793.0,836.0,791.0,680.0
Grums,683.0,817.0,929.0,739.0,1030.0,1142.0,974.0,1187.0,1019.0,952.0,1108.0,694.0,570.0,716.0,1197.0,582.0,772.0,1107.0,1107.0,727.0,1107.0,749.0,816.0,649.0,748.0,760.0,715.0,1072.0,570.0,726.0,670.0,994.0,938.0,1866.0,771.0,849.0,1051.0,939.0,648.0,850.0,738.0,872.0,883.0,1107.0,1129.0,1342.0,660.0,693.0
Grästorp,638.0,426.0,337.0,975.0,833.0,532.0,319.0,532.0,780.0,816.0,851.0,621.0,1065.0,373.0,586.0,408.0,887.0,586.0,603.0,1136.0,497.0,674.0,674.0,177.0,514.0,355.0,550.0,639.0,568.0,674.0,585.0,532.0,497.0,568.0,231.0,231.0,443.0,461.0,744.0,408.0,478.0,709.0,780.0,408.0,602.0,602.0,673.0,425.0
Gullspång,461.0,615.0,538.0,769.0,750.0,942.0,980.0,500.0,999.0,1076.0,615.0,557.0,422.0,787.0,518.0,787.0,1036.0,844.0,1113.0,576.0,1516.0,1516.0,1170.0,748.0,1089.0,592.0,936.0,1146.0,611.0,1719.0,860.0,917.0,688.0,783.0,841.0,688.0,727.0,631.0,1147.0,574.0,899.0,861.0,765.0,994.0,784.0,1014.0,708.0,975.0
Gällivare,617.0,606.0,699.0,709.0,513.0,600.0,622.0,944.0,988.0,1021.0,704.0,508.0,498.0,530.0,591.0,727.0,930.0,558.0,454.0,667.0,788.0,788.0,558.0,492.0,754.0,495.0,495.0,440.0,649.0,770.0,545.0,748.0,792.0,781.0,693.0,809.0,734.0,497.0,745.0,596.0,811.0,679.0,646.0,806.0,850.0,916.0,833.0,717.0
Gävle,781.0,667.0,771.0,960.0,1035.0,938.0,979.0,1248.0,1122.0,995.0,1032.0,940.0,960.0,913.0,1096.0,982.0,1057.0,1192.0,1165.0,1298.0,1297.0,1409.0,1043.0,891.0,920.0,1005.0,1204.0,1092.0,1042.0,951.0,1016.0,1124.0,1088.0,1043.0,1067.0,921.0,883.0,920.0,977.0,1046.0,1123.0,1338.0,1087.0,1270.0,1078.0,1115.0,1116.0,869.0
Göteborg,1399.0,1268.0,1366.0,1347.0,1516.0,1429.0,1458.0,1541.0,1478.0,1545.0,1559.0,1448.0,1424.0,1311.0,1448.0,1385.0,1535.0,1467.0,1422.0,1535.0,1554.0,1533.0,1459.0,1388.0,1587.0,1801.0,2041.0,1585.0,1631.0,1629.0,1498.0,1552.0,1581.0,1594.0,1520.0,1427.0,1384.0,1415.0,1588.0,1530.0,1668.0,1529.0,1476.0,1502.0,1489.0,1647.0,1387.0,1342.0
Götene,383.0,413.0,590.0,521.0,942.0,597.0,467.0,796.0,674.0,628.0,475.0,597.0,490.0,383.0,659.0,643.0,552.0,498.0,789.0,705.0,475.0,536.0,567.0,483.0,640.0,473.0,732.0,686.0,976.0,747.0,960.0,869.0,869.0,534.0,473.0,968.0,714.0,836.0,745.0,631.0,691.0,540.0,775.0,623.0,805.0,775.0,699.0,486.0
Habo,933.0,119.0,201.0,458.0,275.0,238.0,494.0,421.0,293.0,284.0,613.0,284.0,299.0,371.0,408.0,217.0,417.0,362.0,426.0,489.0,525.0,534.0,353.0,181.0,348.0,384.0,250.0,366.0,419.0,535.0,419.0,348.0,428.0,384.0,410.0,401.0,610.0,345.0,389.0,451.0,380.0,424.0,301.0,292.0,539.0,389.0,557.0,327.0
Hagfors,528.0,413.0,668.0,611.0,627.0,941.0,891.0,693.0,891.0,652.0,512.0,404.0,525.0,567.0,559.0,517.0,975.0,775.0,609.0,734.0,759.0,717.0,567.0,684.0,615.0,775.0,884.0,775.0,1213.0,649.0,800.0,918.0,649.0,556.0,598.0,809.0,643.0,736.0,507.0,727.0,643.0,880.0,440.0,871.0,1243.0,1911.0,1015.0,685.0
Hallsberg,982.0,635.0,864.0,917.0,982.0,700.0,746.0,825.0,877.0,792.0,805.0,838.0,726.0,988.0,837.0,811.0,837.0,870.0,1007.0,981.0,1099.0,974.0,948.0,909.0,915.0,831.0,1181.0,895.0,792.0,1077.0,980.0,967.0,1006.0,876.0,843.0,740.0,825.0,877.0,980.0,903.0,993.0,980.0,974.0,838.0,1270.0,1161.0,2218.0,2347.0
Hallstahammar,1004.0,654.0,648.0,1088.0,752.0,920.0,836.0,952.0,1017.0,888.0,810.0,842.0,816.0,1285.0,1067.0,925.0,893.0,816.0,906.0,874.0,925.0,739.0,733.0,623.0,512.0,467.0,909.0,704.0,672.0,903.0,691.0,922.0,1037.0,864.0,576.0,851.0,575.0,684.0,1029.0,978.0,780.0,805.0,959.0,857.0,1010.0,888.0,761.0,805.0
Halmstad,932.0,743.0,920.0,893.0,1044.0,1101.0,1223.0,1172.0,1087.0,1087.0,1068.0,1010.0,1119.0,916.0,1094.0,976.0,1082.0,1226.0,1079.0,922.0,1130.0,1096.0,1003.0,951.0,964.0,966.0,1709.0,1012.0,1075.0,1018.0,1112.0,1168.0,1049.0,1040.0,1003.0,992.0,1068.0,998.0,1025.0,1053.0,1207.0,1062.0,1146.0,1239.0,1128.0,1161.0,1008.0,986.0
Hammarö,417.0,311.0,298.0,344.0,391.0,344.0,344.0,351.0,351.0,311.0,265.0,166.0,230.0,243.0,428.0,349.0,349.0,283.0,586.0,447.0,533.0,395.0,408.0,296.0,274.0,391.0,469.0,319.0,359.0,535.0,398.0,489.0,391.0,404.0,228.0,287.0,220.0,259.0,233.0,545.0,357.0,480.0,409.0,558.0,337.0,454.0,363.0,331.0
Haninge,878.0,963.0,907.0,1235.0,1050.0,1111.0,1093.0,1051.0,1152.0,1297.0,1070.0,919.0,939.0,943.0,1092.0,905.0,967.0,1055.0,1019.0,1117.0,1138.0,1136.0,1000.0,1029.0,1250.0,1006.0,1251.0,1356.0,1347.0,1523.0,1429.0,1405.0,1445.0,1329.0,1119.0,1151.0,868.0,1228.0,1198.0,1259.0,1153.0,1232.0,1155.0,1155.0,1270.0,1293.0,1098.0,1120.0
Haparanda,697.0,576.0,728.0,788.0,1203.0,879.0,940.0,990.0,859.0,697.0,718.0,788.0,631.0,692.0,824.0,732.0,1068.0,1149.0,793.0,1038.0,702.0,997.0,905.0,722.0,785.0,816.0,592.0,928.0,938.0,1071.0,1336.0,1051.0,1142.0,949.0,1102.0,959.0,702.0,814.0,987.0,895.0,1099.0,987.0,966.0,1088.0,844.0,1160.0,773.0,1017.0
Heby,343.0,268.5,261.0,291.0,276.0,388.0,470.0,447.5,250.0,514.5,350.5,242.5,300.5,312.0,349.0,278.5,445.5,364.0,326.5,427.0,378.5,378.5,464.0,211.5,328.5,295.5,303.0,325.0,358.0,310.0,195.5,391.5,354.5,616.5,354.5,247.5,213.5,261.0,261.0,217.0,323.5,360.5,268.5,430.5,401.0,379.0,397.0,408.5
Hedemora,638.0,612.0,1542.0,858.0,1137.0,884.0,884.0,991.0,1030.0,844.0,572.0,545.0,717.0,943.0,810.0,864.0,1010.0,837.0,1129.0,897.0,910.0,817.0,837.0,711.0,818.0,587.0,1082.0,1174.0,811.0,851.0,745.0,745.0,904.0,917.0,594.0,501.0,735.0,748.0,801.0,853.0,840.0,899.0,906.0,958.0,998.0,761.0,702.0,801.0
Helsingborg,1582.0,1377.0,1484.0,1565.0,1629.0,1597.0,1722.0,1469.0,1491.0,1440.0,1352.0,1401.0,1350.0,1297.0,1608.0,1361.0,1707.0,1799.0,1573.0,1557.0,1565.0,1822.0,1412.0,1322.0,1384.0,1269.0,1225.0,1338.0,1383.0,1413.0,1420.0,1527.0,1427.0,1417.0,1422.0,1473.0,1374.0,1275.0,1278.0,1278.0,1285.0,1505.0,1165.0,1443.0,1345.0,1352.0,1326.0,1173.0
Herrljunga,517.0,366.0,668.0,690.0,1024.0,927.0,798.0,636.0,808.0,744.0,862.0,657.0,643.0,643.0,729.0,643.0,836.0,836.0,718.0,568.0,718.0,622.0,826.0,579.0,812.0,769.0,534.0,758.0,748.0,919.0,854.0,865.0,790.0,737.0,812.0,577.0,353.0,888.0,578.0,749.0,963.0,877.0,546.0,920.0,781.0,995.0,663.0,652.0
Hjo,363.0,283.0,363.0,306.0,635.0,601.0,714.0,522.0,567.0,669.0,488.0,295.0,441.0,271.0,509.0,384.0,622.0,554.0,611.0,464.0,554.0,757.0,633.0,565.0,728.0,537.0,537.0,526.0,750.0,560.0,448.0,582.0,638.0,571.0,481.0,571.0,545.0,468.0,512.0,690.0,356.0,635.0,612.0,579.0,557.0,479.0,468.0,345.0
Hofors,652.0,536.0,546.0,662.0,1061.0,525.0,525.0,809.0,788.0,578.0,1093.0,641.0,507.0,465.0,507.0,634.0,855.0,602.0,528.0,591.0,634.0,507.0,391.0,887.0,625.0,498.0,371.0,530.0,710.0,625.0,477.0,710.0,689.0,700.0,498.0,424.0,615.0,371.0,466.0,424.0,456.0,689.0,456.0,594.0,562.0,456.0,392.0,466.0
Huddinge,1113.0,1068.0,987.0,1140.0,1260.0,1089.0,1167.0,1313.0,1288.0,1397.0,1318.0,1099.0,1132.0,1176.0,1184.0,1167.0,1316.0,1232.0,1103.0,1215.0,1277.0,1385.0,1241.0,1144.0,1218.0,1101.0,1272.0,1442.0,1358.0,1426.0,1332.0,1340.0,1370.0,1321.0,1136.0,1270.0,1041.0,1364.0,1150.0,1355.0,1213.0,1261.0,1178.0,1154.0,1083.0,1244.0,1035.0,981.0
Hudiksvall,733.0,470.0,562.0,565.0,725.0,807.0,793.0,614.0,668.0,668.0,804.0,492.0,580.0,594.0,700.0,800.0,675.0,713.0,1001.0,862.0,922.0,938.0,773.0,898.0,712.0,893.0,934.0,825.0,991.0,1194.0,831.0,831.0,858.0,982.0,652.0,647.0,633.0,714.0,795.0,679.0,736.0,863.0,892.0,1231.0,1060.0,1025.0,871.0,728.0
Hultsfred,618.0,618.0,515.0,809.0,677.0,625.0,640.0,750.0,795.0,493.0,618.0,530.0,709.0,519.0,745.0,650.0,658.0,680.0,782.0,592.0,723.0,753.0,570.0,774.0,1041.0,788.0,774.0,824.0,853.0,701.0,832.0,1027.0,1208.0,868.0,882.0,767.0,611.0,647.0,920.0,769.0,812.0,639.0,783.0,769.0,668.0,862.0,532.0,690.0
Hylte,819.0,609.0,909.0,1218.0,1188.0,839.0,1088.0,1068.0,938.0,909.0,948.0,709.0,947.0,661.0,1095.0,947.0,1006.0,1203.0,651.0,1282.0,1016.0,1144.0,947.0,700.0,750.0,1039.0,1000.0,1048.0,1327.0,1068.0,837.0,981.0,1183.0,1039.0,1020.0,943.0,590.0,1103.0,875.0,866.0,1018.0,599.0,885.0,780.0,894.0,1046.0,837.0,1046.0
Hällefors,802.0,501.0,1016.0,773.0,1288.0,730.0,716.0,558.0,830.0,988.0,1160.0,558.0,661.0,517.0,690.0,718.0,618.0,790.0,833.0,589.0,647.0,1121.0,1035.0,675.0,616.0,444.0,1088.0,1002.0,730.0,1217.0,644.0,802.0,902.0,959.0,974.0,4238.0,910.0,796.0,1067.0,555.0,811.0,725.0,796.0,1109.0,967.0,1081.0,498.0,398.0
Härjedalen,760.0,458.0,643.0,828.0,507.0,585.0,663.0,575.0,438.0,448.0,896.0,750.0,780.0,605.0,634.0,712.0,517.0,351.0,566.0,439.0,761.0,595.0,702.0,614.0,879.0,605.0,556.0,732.0,664.0,908.0,410.0,879.0,1962.0,849.0,625.0,810.0,721.0,1082.0,516.0,858.0,487.0,1091.0,575.0,711.0,731.0,731.0,721.0,536.0
Härnösand,703.0,671.0,2114.0,1505.0,1096.0,936.0,716.0,924.0,949.0,920.0,1129.0,671.0,828.0,848.0,1076.0,1039.0,946.0,820.0,796.0,1230.0,978.0,1348.0,788.0,576.0,951.0,807.0,947.0,863.0,1128.0,1232.0,1256.0,1048.0,1373.0,907.0,931.0,1004.0,754.0,846.0,930.0,1169.0,886.0,1137.0,1297.0,1309.0,1025.0,1273.0,1448.0,997.0
Härryda,786.0,626.0,868.0,755.0,679.0,691.0,792.0,863.0,888.0,933.0,795.0,595.0,628.0,597.0,628.0,666.0,1002.0,916.0,769.0,825.0,955.0,711.0,753.0,714.0,836.0,696.0,809.0,696.0,672.0,694.0,790.0,938.0,924.0,894.0,781.0,858.0,759.0,718.0,900.0,849.0,1020.0,819.0,835.0,868.0,857.0,780.0,805.0,704.0
Hässleholm,1227.0,743.0,1036.0,928.0,825.0,948.0,843.0,849.0,879.0,950.0,920.0,823.0,816.0,845.0,905.0,994.0,978.0,903.0,1091.0,1135.0,1058.0,1075.0,1091.0,992.0,1083.0,1035.0,1273.0,939.0,953.0,866.0,998.0,1142.0,892.0,795.0,898.0,793.0,795.0,811.0,932.0,905.0,860.0,852.0,787.0,966.0,919.0,711.0,831.0,713.0
Håbo,893.0,652.0,683.0,652.0,923.0,863.0,1164.0,928.0,838.0,748.0,743.0,713.0,815.0,790.0,855.0,920.0,955.0,870.0,705.0,820.0,890.0,935.0,980.0,860.0,893.0,754.0,1057.0,833.0,1082.0,923.0,923.0,1027.0,1022.0,1042.0,719.0,1007.0,577.0,626.0,824.0,937.0,937.0,942.0,833.0,907.0,1070.0,858.0,824.0,661.0
Höganäs,637.0,589.0,657.0,545.0,521.0,693.0,761.0,601.0,765.0,817.0,785.0,509.0,699.0,476.0,615.0,548.0,643.0,730.0,631.0,568.0,647.0,913.0,885.0,603.0,554.0,656.0,703.0,825.0,676.0,684.0,691.0,927.0,731.0,703.0,574.0,817.0,574.0,691.0,750.0,590.0,742.0,672.0,566.0,812.0,812.0,660.0,738.0,566.0
Högsby,594.0,646.0,734.0,1258.0,908.0,524.0,716.0,996.0,1031.0,839.0,769.0,751.0,539.0,539.0,713.0,1287.0,661.0,1043.0,1078.0,713.0,817.0,904.0,748.0,783.0,550.0,876.0,911.0,997.0,825.0,825.0,894.0,705.0,670.0,962.0,1100.0,859.0,751.0,632.0,820.0,1161.0,905.0,871.0,598.0,529.0,1229.0,888.0,683.0,700.0
Hörby,810.0,917.0,884.0,931.0,1064.0,763.0,964.0,1192.0,964.0,904.0,1305.0,957.0,925.0,684.0,871.0,697.0,1213.0,1159.0,1086.0,1213.0,1059.0,898.0,898.0,871.0,922.0,735.0,1129.0,988.0,1002.0,962.0,1169.0,1162.0,868.0,1142.0,1089.0,1095.0,779.0,1092.0,1059.0,905.0,1192.0,1198.0,1105.0,1192.0,1498.0,1145.0,1025.0,1072.0
Höör,892.0,661.0,757.0,674.0,1168.0,841.0,1495.0,1373.0,995.0,841.0,1085.0,809.0,847.0,834.0,917.0,885.0,1000.0,1242.0,1025.0,1528.0,942.0,1134.0,879.0,1210.0,819.0,870.0,1065.0,1071.0,1065.0,1021.0,863.0,1279.0,1014.0,907.0,807.0,1141.0,733.0,952.0,1002.0,958.0,908.0,996.0,996.0,1321.0,839.0,701.0,820.0,764.0
Jokkmokk,374.0,709.0,453.0,532.0,729.0,433.0,1103.0,1418.0,926.0,532.0,532.0,571.0,532.0,729.0,532.0,493.0,591.0,493.0,670.0,867.0,433.0,630.0,414.0,414.0,650.0,689.0,571.0,591.0,492.0,315.0,847.0,925.0,807.0,650.0,866.0,591.0,572.0,749.0,670.0,690.0,513.0,1065.0,1242.0,966.0,848.0,946.0,907.0,848.0
Järfälla,981.0,946.0,1048.0,967.0,1118.0,1200.0,939.0,1047.0,1304.0,1136.0,1293.0,1016.0,1071.0,898.0,1038.0,1032.0,1228.0,1171.0,1065.0,1220.0,1235.0,1132.0,1165.0,1051.0,1009.0,925.0,1224.0,1165.0,1242.0,1347.0,1065.0,1129.0,1329.0,1304.0,1177.0,1231.0,1023.0,1120.0,1117.0,1142.0,1096.0,1147.0,1082.0,1161.0,1490.0,1225.0,1207.0,1150.0
Jönköping,705.0,735.0,766.0,694.0,899.0,878.0,874.0,878.0,829.0,962.0,1115.0,869.0,869.0,682.0,815.0,904.0,914.0,871.0,849.0,1025.0,1270.0,942.0,1026.0,784.0,804.0,696.0,799.0,937.0,828.0,913.0,931.0,1074.0,1081.0,1050.0,1134.0,995.0,876.0,940.0,932.0,819.0,1031.0,932.0,851.0,1066.0,1079.0,1026.0,921.0,951.0
Kalix,535.0,468.0,517.0,559.0,675.0,827.0,474.0,705.0,638.0,663.0,845.0,541.0,514.0,453.0,606.0,697.0,765.0,746.0,697.0,1364.0,814.0,722.0,593.0,514.0,608.0,614.0,780.0,584.0,811.0,915.0,657.0,793.0,793.0,756.0,836.0,639.0,794.0,886.0,751.0,979.0,948.0,899.0,942.0,948.0,972.0,739.0,849.0,732.0
Kalmar,737.0,652.0,635.0,803.0,883.0,862.0,878.0,905.0,771.0,865.0,811.0,906.0,798.0,652.0,902.0,859.0,768.0,789.0,823.0,820.0,879.0,937.0,733.0,817.0,894.0,735.0,919.0,934.0,913.0,716.0,877.0,951.0,824.0,1032.0,842.0,710.0,761.0,732.0,811.0,845.0,868.0,854.0,692.0,779.0,907.0,788.0,642.0,636.0
Karlsborg,431.0,238.0,253.0,372.0,595.0,520.0,505.0,490.0,416.0,297.0,297.0,461.0,502.0,399.0,842.0,605.0,369.0,561.0,605.0,797.0,591.0,635.0,295.0,591.0,399.0,354.0,295.0,428.0,620.0,576.0,812.0,900.0,605.0,605.0,797.0,1196.0,281.0,414.0,665.0,606.0,710.0,591.0,532.0,739.0,444.0,399.0,458.0,355.0
Karlshamn,836.0,679.0,657.0,590.0,689.0,795.0,1054.0,872.0,872.0,833.0,782.0,670.0,706.0,614.0,649.0,674.0,770.0,783.0,977.0,684.0,833.0,633.0,830.0,792.0,788.0,561.0,835.0,968.0,892.0,735.0,955.0,883.0,902.0,829.0,813.0,886.0,509.0,816.0,631.0,747.0,735.0,719.0,882.0,1043.0,644.0,923.0,757.0,873.0
Karlskoga,1034.0,805.0,873.0,987.0,1213.0,896.0,842.0,1109.0,940.0,1152.0,903.0,788.0,943.0,803.0,1017.0,994.0,917.0,1127.0,883.0,1104.0,1321.0,1265.0,1037.0,796.0,859.0,809.0,925.0,1279.0,981.0,948.0,842.0,888.0,905.0,1190.0,1051.0,1018.0,875.0,885.0,826.0,911.0,1063.0,961.0,773.0,1057.0,875.0,885.0,1010.0,720.0
Karlskrona,657.0,1248.0,608.0,697.0,821.0,843.0,792.0,1077.0,898.0,828.0,843.0,719.0,689.0,602.0,792.0,748.0,738.0,844.0,750.0,738.0,761.0,703.0,671.0,566.0,641.0,745.0,655.0,675.0,775.0,931.0,768.0,925.0,785.0,722.0,700.0,674.0,694.0,652.0,652.0,665.0,733.0,701.0,746.0,827.0,843.0,775.0,684.0,647.0
Karlstad,764.0,731.0,922.0,885.0,970.0,942.0,1091.0,998.0,912.0,883.0,797.0,837.0,879.0,828.0,1031.0,966.0,1045.0,877.0,1038.0,975.0,975.0,1046.0,904.0,806.0,903.0,793.0,892.0,918.0,961.0,877.0,1055.0,1036.0,945.0,912.0,839.0,807.0,773.0,800.0,789.0,820.0,908.0,826.0,901.0,1025.0,864.0,979.0,873.0,771.0
Katrineholm,1362.0,1185.0,1057.0,1170.0,1292.0,1167.0,1014.0,1087.0,1234.0,1332.0,1026.0,1060.0,952.0,985.0,1405.0,1018.0,1178.0,1432.0,1124.0,1320.0,1347.0,1199.0,1205.0,1166.0,947.0,809.0,1268.0,1256.0,1346.0,1292.0,1166.0,1292.0,1196.0,1238.0,1082.0,1184.0,1127.0,1028.0,1201.0,1294.0,1109.0,1387.0,1154.0,1186.0,1243.0,1139.0,1201.0,1198.0
Kil,568.0,381.0,492.0,509.0,466.0,492.0,610.0,1094.0,585.0,712.0,585.0,763.0,380.0,397.0,650.0,616.0,734.0,641.0,625.0,574.0,481.0,650.0,574.0,456.0,802.0,473.0,608.0,659.0,684.0,456.0,667.0,448.0,591.0,937.0,811.0,642.0,754.0,339.0,474.0,483.0,644.0,576.0,695.0,508.0,517.0,635.0,373.0,441.0
Kinda,215.0,409.0,276.0,379.0,757.0,317.0,409.0,409.0,307.0,409.0,450.0,297.0,388.0,418.0,531.0,347.0,653.0,429.0,561.0,643.0,541.0,551.0,378.0,418.0,306.0,174.0,408.0,500.0,500.0,408.0,1123.0,296.0,490.0,490.0,664.0,286.0,327.0,296.0,592.0,674.0,704.0,500.0,541.0,378.0,388.0,694.0,388.0,316.0
Kiruna,758.0,585.0,494.0,533.0,710.0,762.0,546.0,602.0,637.0,836.0,632.0,637.0,551.0,616.0,616.0,637.0,788.0,767.0,409.0,586.0,525.0,629.0,693.0,538.0,530.0,521.0,569.0,448.0,664.0,754.0,474.0,651.0,564.0,582.0,573.0,595.0,565.0,673.0,712.0,578.0,742.0,846.0,820.0,841.0,997.0,1005.0,953.0,781.0
Klippan,881.0,851.0,851.0,1204.0,1091.0,1133.0,1121.0,1145.0,1091.0,1414.0,1049.0,1486.0,1220.0,1005.0,909.0,1232.0,1525.0,1363.0,1154.0,1274.0,1262.0,1124.0,1112.0,1076.0,1201.0,915.0,1141.0,951.0,1058.0,1010.0,1076.0,1242.0,963.0,1171.0,1064.0,1159.0,1088.0,1188.0,1123.0,1005.0,1501.0,1419.0,1147.0,1188.0,1383.0,916.0,1141.0,615.0
Knivsta,376.0,434.0,324.0,512.0,447.0,395.0,311.0,538.0,642.0,810.0,473.0,512.0,391.0,372.0,486.0,486.0,518.0,442.0,562.0,568.0,473.0,871.0,398.0,505.0,522.0,443.0,600.0,497.0,376.0,400.0,491.0,710.0,516.0,528.0,607.0,594.0,723.0,569.0,646.0,575.0,611.0,966.0,670.0,889.0,717.0,587.0,842.0,617.0
Kramfors,936.0,633.0,730.0,1050.0,1071.0,914.0,920.0,1098.0,1006.0,1098.0,1006.0,920.0,868.0,808.0,754.0,1068.0,949.0,1334.0,965.0,1507.0,1155.0,1150.0,1220.0,727.0,902.0,750.0,1093.0,1283.0,875.0,1016.0,973.0,1234.0,859.0,1071.0,848.0,891.0,1068.0,1046.0,855.0,899.0,1465.0,975.0,964.0,828.0,1242.0,1155.0,1160.0,1247.0
Kristianstad,1148.0,733.0,900.0,814.0,1226.0,1259.0,1195.0,1004.0,989.0,941.0,1126.0,866.0,970.0,836.0,931.0,895.0,925.0,1073.0,1148.0,1055.0,1093.0,1103.0,1066.0,913.0,930.0,843.0,1000.0,1010.0,1283.0,971.0,1122.0,1240.0,1140.0,1083.0,996.0,937.0,867.0,877.0,1219.0,1155.0,1108.0,1222.0,1036.0,1159.0,1079.0,954.0,900.0,874.0
Kristinehamn,730.0,524.0,776.0,600.0,1032.0,948.0,831.0,952.0,1468.0,1007.0,1007.0,738.0,849.0,728.0,928.0,803.0,1344.0,1232.0,940.0,1036.0,1049.0,1228.0,1015.0,649.0,649.0,703.0,901.0,831.0,1017.0,1058.0,897.0,996.0,947.0,872.0,761.0,889.0,688.0,997.0,902.0,1063.0,1038.0,972.0,997.0,911.0,1092.0,1207.0,1047.0,952.0
Krokom,328.0,322.0,499.0,205.0,363.0,404.0,328.0,349.0,397.0,527.0,595.0,274.0,232.0,171.0,335.0,259.0,403.0,649.0,464.0,512.0,457.0,355.0,539.0,423.0,374.0,516.0,435.0,374.0,584.0,571.0,319.0,401.0,421.0,401.0,299.0,326.0,392.0,325.0,406.0,643.0,426.0,440.0,2827.0,480.0,467.0,514.0,460.0,588.0
Kumla,581.0,687.0,937.0,893.0,898.0,768.0,946.0,826.0,1057.0,1258.0,1133.0,860.0,887.0,916.0,1007.0,964.0,1231.0,1050.0,802.0,773.0,1155.0,935.0,1011.0,792.0,811.0,868.0,825.0,873.0,858.0,844.0,1053.0,915.0,839.0,991.0,896.0,982.0,875.0,846.0,808.0,813.0,818.0,898.0,1135.0,1078.0,1097.0,794.0,875.0,827.0
Kungsbacka,457.0,510.0,518.0,545.0,589.0,634.0,549.0,586.0,668.0,595.0,595.0,540.0,591.0,492.0,514.0,643.0,632.0,474.0,581.0,620.0,591.0,654.0,546.0,573.0,666.0,605.0,648.0,580.0,576.0,615.0,559.0,600.0,614.0,674.0,744.0,623.0,557.0,507.0,692.0,570.0,673.0,718.0,518.0,673.0,662.0,672.0,600.0,600.0
Kungsör,444.0,358.0,481.0,666.0,481.0,420.0,420.0,407.0,395.0,703.0,1061.0,987.0,864.0,718.0,742.0,730.0,937.0,705.0,742.0,1119.0,937.0,730.0,486.0,426.0,734.0,518.0,710.0,734.0,554.0,698.0,578.0,771.0,470.0,638.0,1072.0,470.0,515.0,707.0,420.0,587.0,1175.0,551.0,396.0,551.0,431.0,815.0,623.0,443.0
Kungälv,603.0,899.0,828.0,1018.0,916.0,682.0,971.0,980.0,870.0,770.0,723.0,518.0,609.0,684.0,699.0,808.0,867.0,772.0,808.0,938.0,900.0,1004.0,770.0,793.0,858.0,703.0,771.0,687.0,1077.0,1023.0,1093.0,1025.0,853.0,903.0,830.0,668.0,917.0,562.0,725.0,613.0,824.0,667.0,842.0,775.0,763.0,859.0,641.0,679.0
Kävlinge,1338.0,867.0,884.0,769.0,728.0,840.0,854.0,840.0,905.0,854.0,708.0,718.0,838.0,633.0,885.0,838.0,970.0,818.0,838.0,842.0,1273.0,707.0,717.0,724.0,691.0,704.0,868.0,818.0,868.0,851.0,754.0,788.0,714.0,674.0,815.0,704.0,734.0,638.0,741.0,634.0,857.0,884.0,641.0,644.0,747.0,678.0,708.0,727.0
Köping,727.0,727.0,695.0,970.0,962.0,926.0,823.0,926.0,1254.0,1130.0,906.0,934.0,723.0,1008.0,873.0,1035.0,948.0,755.0,921.0,893.0,972.0,952.0,822.0,921.0,997.0,801.0,848.0,997.0,1300.0,966.0,927.0,1025.0,813.0,742.0,938.0,770.0,814.0,743.0,943.0,959.0,1092.0,1013.0,732.0,857.0,880.0,955.0,857.0,747.0
Laholm,711.0,843.0,796.0,707.0,800.0,988.0,741.0,911.0,1192.0,920.0,966.0,830.0,761.0,655.0,1040.0,748.0,909.0,909.0,787.0,698.0,825.0,858.0,757.0,787.0,759.0,671.0,875.0,892.0,780.0,700.0,955.0,838.0,859.0,946.0,759.0,946.0,686.0,686.0,913.0,860.0,971.0,1199.0,913.0,827.0,959.0,798.0,756.0,546.0
Landskrona,1612.0,1348.0,1413.0,1576.0,1801.0,1871.0,1887.0,1341.0,1355.0,1581.0,1443.0,1264.0,1147.0,1101.0,1256.0,1357.0,1348.0,1279.0,1680.0,1473.0,1362.0,1300.0,1570.0,1136.0,1126.0,1090.0,1232.0,1263.0,1542.0,1437.0,1428.0,1574.0,1366.0,1481.0,1346.0,1293.0,1406.0,1258.0,1365.0,1144.0,1260.0,1267.0,1265.0,1267.0,1192.0,1374.0,1040.0,1103.0
Laxå,719.0,252.0,575.0,449.0,1078.0,755.0,862.0,1671.0,647.0,916.0,1294.0,593.0,551.0,640.0,676.0,961.0,1014.0,1636.0,1138.0,2383.0,996.0,1263.0,1174.0,747.0,954.0,848.0,1237.0,1802.0,1767.0,1484.0,1095.0,1820.0,1148.0,1131.0,1148.0,901.0,619.0,619.0,1114.0,1079.0,813.0,937.0,937.0,1132.0,796.0,955.0,1008.0,495.0
Lekeberg,343.0,178.0,329.0,398.0,452.0,452.0,672.0,891.0,452.0,439.0,425.0,247.0,328.0,450.0,519.0,546.0,601.0,382.0,450.0,437.0,396.0,505.0,655.0,314.0,404.0,377.0,485.0,444.0,364.0,431.0,310.0,539.0,471.0,606.0,444.0,539.0,214.0,387.0,187.0,214.0,280.0,254.0,280.0,307.0,320.0,200.0,214.0,214.0
Leksand,343.0,337.0,535.0,482.0,502.0,667.0,792.0,541.0,660.0,739.0,528.0,911.0,566.0,349.0,454.0,552.0,520.0,783.0,599.0,493.0,513.0,467.0,335.0,329.0,543.0,432.0,471.0,347.0,353.0,556.0,379.0,517.0,419.0,432.0,497.0,576.0,496.0,626.0,398.0,568.0,418.0,515.0,639.0,411.0,509.0,470.0,529.0,359.0
Lerum,556.0,495.0,587.0,628.0,630.0,638.0,610.0,717.0,556.0,959.0,719.0,572.0,546.0,394.0,620.0,612.0,647.0,764.0,1024.0,650.0,895.0,650.0,756.0,493.0,763.0,573.0,848.0,728.0,818.0,543.0,470.0,645.0,538.0,981.0,725.0,630.0,704.0,630.0,762.0,597.0,610.0,702.0,597.0,557.0,772.0,953.0,679.0,697.0
Lessebo,597.0,784.0,460.0,759.0,871.0,946.0,747.0,697.0,510.0,971.0,448.0,1008.0,478.0,539.0,760.0,748.0,1017.0,601.0,760.0,552.0,564.0,478.0,552.0,613.0,405.0,477.0,608.0,787.0,918.0,1252.0,942.0,727.0,525.0,894.0,572.0,405.0,376.0,481.0,388.0,1010.0,716.0,552.0,693.0,892.0,752.0,763.0,505.0,611.0
Lidingö,1223.0,449.0,495.0,536.0,627.0,562.0,493.0,616.0,868.0,745.0,591.0,547.0,677.0,594.0,744.0,616.0,587.0,547.0,556.0,640.0,719.0,642.0,622.0,470.0,453.0,569.0,575.0,536.0,628.0,593.0,1127.0,582.0,597.0,665.0,695.0,691.0,600.0,713.0,691.0,542.0,644.0,765.0,508.0,702.0,676.0,786.0,708.0,441.0
Lidköping,600.0,501.0,603.0,621.0,616.0,728.0,1030.0,845.0,749.0,720.0,592.0,689.0,547.0,697.0,910.0,847.0,770.0,876.0,806.0,907.0,803.0,904.0,739.0,658.0,645.0,733.0,892.0,957.0,923.0,910.0,921.0,779.0,815.0,931.0,738.0,823.0,656.0,649.0,764.0,823.0,1013.0,792.0,661.0,836.0,928.0,787.0,664.0,766.0
Lilla Edet,913.0,645.0,653.0,740.0,984.0,889.0,779.0,819.0,1189.0,976.0,819.0,708.0,596.0,572.0,874.0,858.0,696.0,665.0,835.0,920.0,897.0,874.0,1083.0,974.0,1068.0,1122.0,870.0,1297.0,839.0,1381.0,1084.0,702.0,855.0,984.0,839.0,847.0,759.0,713.0,774.0,850.0,850.0,1032.0,683.0,1169.0,812.0,1047.0,607.0,888.0
Lindesberg,728.0,633.0,615.0,732.0,953.0,793.0,719.0,724.0,793.0,706.0,784.0,914.0,689.0,1529.0,952.0,762.0,844.0,900.0,801.0,1077.0,909.0,723.0,831.0,822.0,653.0,816.0,786.0,816.0,1110.0,1004.0,692.0,1042.0,918.0,871.0,846.0,854.0,743.0,908.0,700.0,815.0,798.0,1299.0,1222.0,925.0,1010.0,738.0,811.0,802.0
Linköping,806.0,724.0,806.0,921.0,1016.0,905.0,878.0,987.0,1161.0,984.0,797.0,755.0,745.0,767.0,914.0,942.0,1131.0,896.0,732.0,864.0,1023.0,955.0,884.0,796.0,792.0,762.0,882.0,904.0,1191.0,804.0,789.0,884.0,911.0,863.0,884.0,837.0,737.0,788.0,870.0,919.0,1067.0,954.0,820.0,957.0,1054.0,938.0,900.0,889.0
Ljungby,640.0,585.0,519.0,654.0,834.0,856.0,761.0,782.0,761.0,764.0,761.0,647.0,777.0,558.0,701.0,847.0,810.0,945.0,956.0,672.0,814.0,741.0,566.0,580.0,638.0,566.0,649.0,678.0,685.0,667.0,649.0,780.0,682.0,888.0,740.0,671.0,604.0,510.0,724.0,865.0,919.0,651.0,608.0,749.0,814.0,593.0,926.0,677.0
Ljusdal,450.0,328.0,402.0,577.0,614.0,635.0,471.0,756.0,735.0,772.0,651.0,497.0,586.0,834.0,602.0,750.0,766.0,887.0,665.0,797.0,935.0,966.0,744.0,692.0,795.0,753.0,442.0,869.0,790.0,869.0,722.0,743.0,890.0,753.0,801.0,737.0,552.0,568.0,725.0,531.0,767.0,757.0,615.0,720.0,710.0,857.0,683.0,552.0
Ljusnarsberg,1193.0,885.0,1111.0,802.0,823.0,967.0,1131.0,1316.0,1810.0,1275.0,1337.0,1008.0,593.0,940.0,1594.0,1308.0,940.0,797.0,1328.0,1267.0,1880.0,960.0,1410.0,1063.0,1179.0,589.0,996.0,833.0,1504.0,976.0,915.0,1057.0,2459.0,793.0,610.0,1077.0,690.0,2537.0,1075.0,1380.0,994.0,1157.0,1339.0,1623.0,1319.0,1075.0,1177.0,1441.0
Lomma,572.0,531.0,442.0,487.0,670.0,630.0,634.0,813.0,621.0,643.0,572.0,415.0,537.0,440.0,528.0,555.0,572.0,748.0,986.0,647.0,568.0,717.0,572.0,678.0,441.0,415.0,579.0,674.0,951.0,601.0,739.0,752.0,605.0,601.0,471.0,795.0,429.0,579.0,510.0,643.0,557.0,913.0,613.0,733.0,562.0,592.0,489.0,506.0
Ludvika,795.0,487.0,561.0,569.0,709.0,923.0,849.0,985.0,697.0,756.0,611.0,522.0,669.0,761.0,676.0,912.0,765.0,684.0,754.0,997.0,1028.0,993.0,758.0,719.0,802.0,721.0,847.0,1057.0,733.0,790.0,943.0,1164.0,1145.0,1099.0,916.0,786.0,827.0,1229.0,1130.0,819.0,1051.0,1252.0,1229.0,1320.0,1157.0,1616.0,982.0,994.0
Luleå,872.0,689.0,810.0,854.0,848.0,940.0,870.0,834.0,970.0,922.0,913.0,683.0,765.0,670.0,718.0,687.0,793.0,855.0,860.0,876.0,940.0,892.0,834.0,835.0,979.0,706.0,750.0,760.0,823.0,967.0,863.0,876.0,904.0,940.0,872.0,879.0,803.0,710.0,773.0,760.0,915.0,938.0,841.0,1042.0,1015.0,992.0,944.0,1026.0
Lund,1136.0,1016.0,1405.0,1005.0,1276.0,1029.0,995.0,1101.0,1231.0,1106.0,1078.0,1015.0,955.0,1002.0,1062.0,1139.0,1315.0,1098.0,1033.0,995.0,1163.0,1121.0,1040.0,979.0,994.0,999.0,1113.0,1185.0,1257.0,1091.0,968.0,1150.0,994.0,1118.0,1196.0,1131.0,846.0,897.0,1019.0,1030.0,1133.0,1082.0,902.0,1026.0,1025.0,912.0,815.0,840.0
Lycksele,739.0,520.0,585.0,552.0,829.0,837.0,1129.0,1243.0,1113.0,1487.0,910.0,804.0,572.0,793.0,392.0,776.0,833.0,784.0,1217.0,850.0,1087.0,727.0,1013.0,956.0,837.0,673.0,828.0,812.0,1148.0,828.0,1025.0,1083.0,1050.0,951.0,1001.0,1042.0,624.0,895.0,756.0,912.0,903.0,854.0,928.0,1166.0,846.0,1133.0,1010.0,673.0
Lysekil,661.0,723.0,535.0,605.0,897.0,716.0,932.0,647.0,1008.0,1071.0,1168.0,730.0,740.0,551.0,670.0,719.0,949.0,1249.0,1039.0,872.0,1305.0,1102.0,795.0,544.0,674.0,890.0,883.0,793.0,1008.0,967.0,1307.0,1147.0,814.0,647.0,640.0,688.0,961.0,837.0,733.0,823.0,892.0,968.0,1009.0,920.0,2026.0,1376.0,781.0,726.0
Malmö,1852.0,1448.0,1436.0,1571.0,1791.0,1738.0,1691.0,1735.0,1555.0,1576.0,1434.0,1405.0,1527.0,1526.0,1672.0,1563.0,1510.0,1511.0,1637.0,1660.0,1607.0,1626.0,1598.0,1377.0,1527.0,1367.0,1467.0,1561.0,1597.0,1515.0,1533.0,1723.0,1602.0,1663.0,1425.0,1510.0,1477.0,1379.0,1500.0,1533.0,1621.0,1663.0,1407.0,1604.0,1552.0,1526.0,1509.0,1301.0
Malung-Sälen,1868.0,1532.0,2016.0,1215.0,771.0,711.0,1255.0,860.0,1047.0,800.0,534.0,1107.0,1278.0,1268.0,939.0,779.0,869.0,779.0,1338.0,749.0,609.0,339.0,729.0,979.0,1960.0,1510.0,1720.0,1400.0,690.0,480.0,1270.0,920.0,730.0,560.0,560.0,1240.0,1614.0,1813.0,1315.0,1196.0,488.0,528.0,986.0,767.0,867.0,747.0,409.0,1525.0
Malå,283.0,63.0,252.0,220.0,315.0,157.0,441.0,724.0,409.0,567.0,441.0,283.0,510.0,383.0,191.0,542.0,287.0,478.0,415.0,638.0,638.0,510.0,319.0,287.0,321.0,514.0,321.0,129.0,353.0,546.0,482.0,1028.0,578.0,578.0,257.0,257.0,418.0,322.0,354.0,289.0,482.0,515.0,643.0,515.0,675.0,740.0,611.0,515.0
Mariestad,752.0,571.0,622.0,748.0,996.0,660.0,798.0,697.0,1054.0,983.0,853.0,828.0,820.0,1025.0,1004.0,925.0,950.0,900.0,808.0,791.0,1017.0,829.0,866.0,808.0,684.0,1539.0,1926.0,897.0,1197.0,746.0,788.0,1034.0,955.0,922.0,901.0,938.0,973.0,682.0,703.0,799.0,645.0,736.0,728.0,819.0,732.0,886.0,861.0,790.0
Mark,584.0,613.0,640.0,589.0,595.0,557.0,717.0,764.0,684.0,767.0,803.0,732.0,701.0,893.0,748.0,816.0,733.0,686.0,754.0,692.0,760.0,633.0,683.0,627.0,679.0,693.0,773.0,740.0,735.0,888.0,891.0,799.0,1041.0,797.0,782.0,687.0,631.0,944.0,776.0,699.0,1009.0,728.0,640.0,752.0,776.0,790.0,672.0,622.0
Markaryd,990.0,642.0,569.0,990.0,1137.0,663.0,979.0,1064.0,1158.0,937.0,790.0,948.0,734.0,483.0,713.0,1144.0,1007.0,1102.0,902.0,829.0,829.0,1332.0,871.0,755.0,828.0,642.0,1024.0,859.0,1055.0,1014.0,973.0,1045.0,900.0,673.0,838.0,766.0,624.0,828.0,951.0,1043.0,1043.0,859.0,941.0,726.0,798.0,685.0,879.0,777.0
Mellerud,639.0,785.0,852.0,886.0,1155.0,931.0,1110.0,706.0,740.0,718.0,762.0,762.0,651.0,897.0,1133.0,875.0,897.0,830.0,740.0,673.0,651.0,740.0,740.0,606.0,597.0,707.0,1016.0,751.0,829.0,961.0,751.0,817.0,729.0,674.0,817.0,740.0,447.0,578.0,643.0,905.0,1080.0,818.0,676.0,1025.0,1134.0,862.0,916.0,774.0
Mjölby,602.0,488.0,632.0,735.0,663.0,655.0,587.0,590.0,674.0,491.0,587.0,602.0,611.0,497.0,698.0,656.0,914.0,857.0,717.0,937.0,865.0,944.0,849.0,777.0,573.0,505.0,634.0,551.0,686.0,826.0,551.0,528.0,490.0,600.0,592.0,664.0,624.0,714.0,635.0,541.0,771.0,707.0,538.0,609.0,616.0,714.0,530.0,560.0
Mora,689.0,424.0,599.0,699.0,719.0,699.0,479.0,679.0,773.0,694.0,724.0,649.0,505.0,580.0,525.0,940.0,795.0,505.0,655.0,855.0,595.0,625.0,735.0,555.0,937.0,683.0,598.0,713.0,768.0,1207.0,708.0,843.0,873.0,808.0,913.0,793.0,776.0,1070.0,935.0,831.0,1085.0,1060.0,751.0,801.0,861.0,1124.0,736.0,920.0
Motala,547.0,545.0,623.0,830.0,688.0,809.0,785.0,1026.0,740.0,730.0,716.0,704.0,602.0,609.0,769.0,753.0,786.0,824.0,727.0,831.0,680.0,821.0,772.0,625.0,721.0,632.0,552.0,566.0,789.0,761.0,716.0,779.0,768.0,768.0,683.0,718.0,468.0,676.0,949.0,765.0,867.0,932.0,939.0,832.0,918.0,956.0,799.0,611.0
Mullsjö,680.0,354.0,369.0,312.0,510.0,567.0,851.0,595.0,695.0,298.0,454.0,723.0,424.0,523.0,311.0,438.0,834.0,735.0,763.0,551.0,565.0,537.0,297.0,466.0,757.0,519.0,673.0,491.0,561.0,1009.0,561.0,757.0,575.0,757.0,659.0,365.0,238.0,615.0,391.0,447.0,894.0,782.0,503.0,755.0,768.0,810.0,824.0,657.0
Munkedal,677.0,981.0,746.0,864.0,775.0,687.0,746.0,903.0,736.0,707.0,824.0,618.0,489.0,626.0,538.0,411.0,910.0,509.0,782.0,2113.0,831.0,499.0,773.0,763.0,910.0,665.0,675.0,655.0,822.0,1007.0,1037.0,978.0,1086.0,1086.0,792.0,910.0,804.0,549.0,500.0,686.0,715.0,794.0,853.0,608.0,951.0,696.0,794.0,539.0
Munkfors,767.0,767.0,1206.0,767.0,850.0,932.0,877.0,630.0,767.0,959.0,384.0,1096.0,574.0,848.0,602.0,1039.0,629.0,492.0,574.0,848.0,383.0,520.0,328.0,301.0,191.0,820.0,765.0,492.0,273.0,601.0,847.0,902.0,437.0,492.0,629.0,820.0,573.0,1119.0,491.0,737.0,710.0,792.0,1119.0,328.0,546.0,683.0,573.0,1201.0
Mölndal,746.0,741.0,817.0,946.0,935.0,964.0,1147.0,966.0,1119.0,904.0,831.0,895.0,810.0,785.0,874.0,785.0,911.0,1041.0,919.0,767.0,863.0,975.0,954.0,706.0,844.0,779.0,919.0,805.0,1087.0,839.0,846.0,740.0,914.0,895.0,782.0,878.0,781.0,816.0,807.0,764.0,914.0,881.0,897.0,758.0,905.0,853.0,824.0,736.0
Mönsterås,482.0,357.0,264.0,544.0,660.0,614.0,746.0,606.0,544.0,621.0,621.0,730.0,408.0,392.0,461.0,515.0,584.0,608.0,684.0,584.0,792.0,561.0,661.0,600.0,542.0,405.0,832.0,580.0,901.0,557.0,542.0,695.0,1076.0,466.0,656.0,565.0,609.0,692.0,647.0,685.0,677.0,753.0,593.0,730.0,692.0,753.0,723.0,814.0
Mörbylånga,321.0,391.0,293.0,259.0,279.0,601.0,1209.0,503.0,405.0,266.0,405.0,266.0,346.0,326.0,360.0,402.0,374.0,568.0,1296.0,582.0,450.0,298.0,319.0,360.0,343.0,405.0,535.0,363.0,322.0,480.0,1056.0,507.0,494.0,295.0,391.0,254.0,464.0,280.0,450.0,368.0,552.0,518.0,811.0,511.0,334.0,341.0,341.0,307.0
Nacka,650.0,765.0,772.0,806.0,964.0,805.0,765.0,822.0,943.0,857.0,805.0,765.0,1268.0,987.0,785.0,751.0,932.0,776.0,651.0,707.0,960.0,1107.0,943.0,695.0,734.0,815.0,922.0,745.0,778.0,810.0,732.0,800.0,895.0,1142.0,958.0,1283.0,1112.0,958.0,796.0,852.0,896.0,901.0,644.0,763.0,1004.0,857.0,950.0,703.0
Nora,520.0,289.0,260.0,395.0,771.0,896.0,636.0,858.0,819.0,588.0,520.0,357.0,626.0,414.0,492.0,665.0,684.0,704.0,501.0,646.0,626.0,530.0,665.0,549.0,700.0,441.0,547.0,393.0,1170.0,623.0,681.0,700.0,527.0,547.0,537.0,489.0,581.0,295.0,686.0,448.0,476.0,886.0,857.0,762.0,628.0,619.0,657.0,571.0
Norberg,872.0,605.0,534.0,1139.0,997.0,1459.0,1175.0,801.0,641.0,1157.0,712.0,908.0,353.0,759.0,777.0,1448.0,1006.0,1360.0,1536.0,1607.0,1518.0,1501.0,883.0,971.0,885.0,885.0,1146.0,1493.0,1666.0,1146.0,1337.0,955.0,920.0,1510.0,1337.0,798.0,999.0,948.0,1292.0,1103.0,862.0,1086.0,586.0,879.0,758.0,1258.0,1137.0,534.0
Nordanstig,368.0,294.0,410.0,168.0,421.0,652.0,431.0,505.0,662.0,568.0,473.0,336.0,358.0,390.0,569.0,316.0,495.0,453.0,464.0,579.0,516.0,527.0,716.0,516.0,421.0,443.0,516.0,769.0,443.0,495.0,685.0,495.0,632.0,558.0,327.0,390.0,390.0,432.0,590.0,432.0,537.0,653.0,527.0,832.0,527.0,717.0,748.0,674.0
Nordmaling,356.0,228.0,470.0,513.0,627.0,541.0,812.0,342.0,356.0,513.0,370.0,256.0,298.0,440.0,383.0,270.0,341.0,568.0,511.0,695.0,610.0,539.0,639.0,667.0,509.0,467.0,806.0,636.0,1357.0,198.0,495.0,1400.0,707.0,1258.0,735.0,566.0,397.0,666.0,567.0,722.0,453.0,1544.0,2351.0,1062.0,737.0,878.0,807.0,312.0
Norrköping,1006.0,918.0,947.0,1005.0,1144.0,1721.0,1109.0,1196.0,1315.0,1231.0,1097.0,1148.0,1197.0,1134.0,1179.0,1104.0,1120.0,1471.0,1080.0,1116.0,1097.0,1100.0,949.0,897.0,900.0,807.0,1042.0,1081.0,1083.0,1377.0,998.0,1133.0,1138.0,1152.0,1026.0,1058.0,887.0,911.0,1017.0,987.0,1179.0,1097.0,1281.0,1027.0,1157.0,1162.0,1072.0,1132.0
Norrtälje,694.0,742.0,973.0,899.0,1068.0,990.0,985.0,999.0,994.0,1026.0,1008.0,1057.0,932.0,886.0,965.0,1080.0,1024.0,1009.0,926.0,1033.0,1225.0,981.0,921.0,745.0,843.0,769.0,969.0,910.0,917.0,981.0,1096.0,1094.0,1230.0,974.0,921.0,933.0,767.0,758.0,864.0,917.0,810.0,1041.0,1031.0,801.0,1036.0,1050.0,883.0,702.0
Norsjö,311.0,264.0,503.0,240.0,647.0,647.0,455.0,479.0,264.0,431.0,575.0,240.0,335.0,168.0,455.0,790.0,407.0,503.0,527.0,1053.0,694.0,694.0,551.0,287.0,670.0,311.0,287.0,551.0,766.0,359.0,383.0,407.0,646.0,1795.0,335.0,503.0,383.0,503.0,383.0,479.0,886.0,766.0,838.0,647.0,1030.0,1030.0,1173.0,479.0
Nybro,698.0,739.0,564.0,1026.0,739.0,759.0,990.0,1016.0,862.0,872.0,441.0,575.0,745.0,913.0,852.0,837.0,638.0,704.0,536.0,832.0,852.0,816.0,673.0,643.0,715.0,760.0,902.0,1089.0,993.0,780.0,811.0,1242.0,1110.0,1008.0,851.0,715.0,780.0,739.0,805.0,840.0,1038.0,886.0,1230.0,1073.0,1053.0,1185.0,759.0,582.0
Nykvarn,337.0,464.0,685.0,401.0,538.0,1002.0,685.0,1487.0,464.0,517.0,696.0,348.0,496.0,352.0,476.0,652.0,703.0,858.0,621.0,621.0,445.0,600.0,548.0,527.0,320.0,250.0,380.0,690.0,860.0,660.0,640.0,820.0,640.0,620.0,520.0,510.0,618.0,599.0,775.0,520.0,962.0,893.0,648.0,677.0,903.0,726.0,648.0,461.0
Nyköping,938.0,871.0,947.0,892.0,1091.0,1099.0,1059.0,1194.0,1329.0,1283.0,1247.0,1053.0,1130.0,950.0,1109.0,1211.0,1164.0,1397.0,1216.0,1370.0,1434.0,1252.0,1198.0,1010.0,1034.0,1123.0,1431.0,1145.0,1290.0,1160.0,1052.0,1160.0,1310.0,1357.0,1143.0,1045.0,947.0,971.0,1172.0,1207.0,1316.0,1266.0,1198.0,1279.0,1406.0,1286.0,1124.0,1163.0
Nynäshamn,1353.0,798.0,824.0,1019.0,926.0,937.0,1076.0,1031.0,1432.0,1413.0,1312.0,783.0,1062.0,1007.0,1159.0,866.0,1081.0,1044.0,1066.0,1100.0,1204.0,1088.0,877.0,880.0,924.0,858.0,1012.0,1276.0,1335.0,1324.0,1019.0,1346.0,1353.0,1027.0,891.0,968.0,847.0,1102.0,953.0,840.0,1044.0,1229.0,1109.0,920.0,942.0,935.0,956.0,913.0
Nässjö,954.0,852.0,730.0,1345.0,4401.0,1222.0,1073.0,1080.0,1487.0,1121.0,859.0,754.0,1128.0,811.0,1057.0,1131.0,1353.0,1168.0,979.0,946.0,1114.0,956.0,848.0,666.0,732.0,779.0,895.0,984.0,984.0,1133.0,656.0,915.0,1021.0,1093.0,828.0,865.0,713.0,772.0,818.0,926.0,1281.0,1169.0,824.0,831.0,1002.0,942.0,729.0,778.0
Ockelbo,653.0,619.0,705.0,395.0,722.0,567.0,842.0,602.0,722.0,739.0,1049.0,430.0,381.0,450.0,623.0,502.0,866.0,1004.0,519.0,623.0,606.0,519.0,398.0,450.0,499.0,706.0,982.0,603.0,551.0,1068.0,2135.0,1154.0,723.0,895.0,1016.0,551.0,427.0,633.0,581.0,735.0,1163.0,1316.0,1060.0,1043.0,975.0,975.0,496.0,786.0
Olofström,612.0,310.0,419.0,333.0,736.0,736.0,442.0,527.0,651.0,845.0,729.0,651.0,656.0,679.0,810.0,841.0,725.0,771.0,671.0,902.0,787.0,748.0,794.0,524.0,565.0,641.0,572.0,626.0,771.0,626.0,611.0,618.0,748.0,878.0,695.0,641.0,645.0,934.0,691.0,1093.0,744.0,721.0,600.0,896.0,790.0,790.0,767.0,729.0
Orsa,599.0,599.0,512.0,497.0,1155.0,1038.0,702.0,628.0,789.0,526.0,628.0,833.0,747.0,996.0,717.0,922.0,849.0,849.0,732.0,820.0,732.0,996.0,922.0,1157.0,664.0,634.0,442.0,442.0,546.0,708.0,590.0,1018.0,870.0,826.0,1047.0,693.0,1185.0,667.0,489.0,800.0,785.0,963.0,874.0,919.0,1007.0,726.0,400.0,711.0
Orust,511.0,538.0,505.0,425.0,890.0,664.0,883.0,624.0,724.0,458.0,611.0,398.0,678.0,412.0,545.0,552.0,658.0,884.0,871.0,778.0,811.0,1050.0,558.0,658.0,718.0,732.0,432.0,486.0,346.0,526.0,785.0,725.0,798.0,579.0,692.0,492.0,593.0,740.0,493.0,526.0,573.0,906.0,740.0,766.0,666.0,733.0,606.0,486.0
Osby,844.0,560.0,773.0,686.0,931.0,876.0,868.0,1097.0,1278.0,1026.0,907.0,584.0,697.0,830.0,822.0,932.0,752.0,1002.0,705.0,697.0,760.0,775.0,987.0,807.0,884.0,799.0,931.0,737.0,853.0,869.0,853.0,985.0,1078.0,729.0,923.0,613.0,633.0,625.0,795.0,579.0,757.0,826.0,648.0,594.0,841.0,1088.0,865.0,926.0
Oskarshamn,401.0,344.0,443.0,466.0,649.0,523.0,684.0,623.0,420.0,604.0,523.0,416.0,419.0,423.0,587.0,514.0,590.0,640.0,583.0,602.0,491.0,556.0,442.0,560.0,391.0,383.0,565.0,489.0,584.0,667.0,675.0,614.0,512.0,489.0,698.0,436.0,499.0,450.0,507.0,756.0,677.0,737.0,696.0,696.0,658.0,817.0,669.0,571.0
Ovanåker,422.0,378.0,255.0,220.0,396.0,317.0,484.0,677.0,519.0,387.0,607.0,229.0,202.0,184.0,263.0,316.0,395.0,579.0,298.0,764.0,562.0,869.0,658.0,386.0,515.0,428.0,419.0,463.0,559.0,707.0,454.0,306.0,576.0,507.0,341.0,445.0,401.0,366.0,392.0,532.0,889.0,558.0,628.0,401.0,750.0,410.0,323.0,340.0
Oxelösund,945.0,504.0,689.0,1007.0,928.0,1352.0,989.0,1475.0,1034.0,1131.0,1078.0,760.0,950.0,706.0,915.0,924.0,758.0,924.0,802.0,889.0,845.0,1080.0,985.0,784.0,920.0,981.0,705.0,843.0,757.0,946.0,1075.0,989.0,843.0,886.0,869.0,576.0,624.0,530.0,761.0,769.0,906.0,744.0,726.0,752.0,675.0,1094.0,932.0,641.0
Pajala,334.0,350.0,270.0,413.0,382.0,413.0,668.0,906.0,604.0,572.0,477.0,620.0,365.0,317.0,460.0,349.0,746.0,730.0,635.0,254.0,492.0,429.0,381.0,492.0,320.0,272.0,192.0,368.0,512.0,480.0,512.0,496.0,576.0,496.0,368.0,384.0,355.0,355.0,501.0,323.0,501.0,452.0,565.0,436.0,614.0,581.0,388.0,452.0
Partille,697.0,806.0,861.0,786.0,797.0,884.0,936.0,942.0,853.0,1003.0,992.0,859.0,859.0,875.0,971.0,856.0,930.0,919.0,845.0,958.0,930.0,988.0,1021.0,908.0,1129.0,808.0,931.0,982.0,1203.0,892.0,824.0,890.0,811.0,735.0,827.0,852.0,706.0,725.0,822.0,1030.0,938.0,828.0,795.0,890.0,855.0,903.0,936.0,744.0
Perstorp,1419.0,885.0,1264.0,1012.0,983.0,829.0,871.0,1433.0,1012.0,1391.0,1096.0,1250.0,1146.0,978.0,1230.0,894.0,1607.0,1719.0,1649.0,1509.0,1104.0,950.0,964.0,922.0,1112.0,1140.0,1126.0,1001.0,1084.0,862.0,1071.0,876.0,862.0,1196.0,1084.0,1223.0,1470.0,1359.0,1955.0,1248.0,1068.0,1151.0,860.0,1137.0,1359.0,1539.0,1234.0,1026.0
Piteå,517.0,425.0,352.0,466.0,614.0,648.0,801.0,597.0,539.0,505.0,503.0,357.0,517.0,442.0,454.0,500.0,580.0,483.0,824.0,817.0,647.0,710.0,529.0,573.0,674.0,515.0,559.0,2174.0,2006.0,665.0,787.0,592.0,597.0,631.0,578.0,559.0,407.0,404.0,582.0,544.0,700.0,602.0,770.0,768.0,746.0,710.0,522.0,554.0
Ragunda,549.0,348.0,513.0,275.0,330.0,384.0,311.0,622.0,769.0,513.0,403.0,256.0,404.0,257.0,294.0,257.0,257.0,422.0,422.0,385.0,661.0,661.0,404.0,294.0,776.0,185.0,462.0,517.0,591.0,905.0,776.0,554.0,628.0,868.0,499.0,1034.0,631.0,316.0,538.0,278.0,1244.0,520.0,538.0,520.0,1077.0,761.0,464.0,501.0
Robertsfors,1234.0,297.0,253.0,342.0,416.0,535.0,401.0,253.0,446.0,312.0,357.0,223.0,193.0,386.0,431.0,371.0,535.0,758.0,371.0,431.0,698.0,683.0,327.0,565.0,474.0,504.0,534.0,489.0,489.0,726.0,371.0,430.0,548.0,563.0,356.0,489.0,310.0,487.0,340.0,295.0,473.0,635.0,606.0,443.0,783.0,679.0,709.0,576.0
Ronneby,2142.0,1049.0,920.0,622.0,672.0,823.0,852.0,711.0,776.0,852.0,776.0,776.0,720.0,567.0,642.0,799.0,656.0,809.0,792.0,841.0,817.0,856.0,656.0,638.0,545.0,650.0,896.0,1054.0,864.0,1005.0,868.0,734.0,731.0,843.0,678.0,720.0,735.0,676.0,693.0,871.0,993.0,812.0,840.0,781.0,795.0,847.0,735.0,843.0
Rättvik,538.0,649.0,352.0,417.0,445.0,473.0,1206.0,1410.0,770.0,788.0,853.0,677.0,939.0,623.0,799.0,493.0,669.0,679.0,1422.0,1153.0,920.0,911.0,790.0,604.0,418.0,428.0,707.0,577.0,567.0,865.0,1228.0,1097.0,790.0,660.0,530.0,511.0,353.0,520.0,641.0,586.0,753.0,651.0,1599.0,1236.0,604.0,409.0,725.0,362.0
Sala,1075.0,798.0,867.0,821.0,992.0,867.0,835.0,1033.0,973.0,1052.0,992.0,826.0,819.0,691.0,993.0,970.0,934.0,925.0,861.0,709.0,966.0,1176.0,1062.0,897.0,749.0,913.0,1154.0,940.0,1026.0,936.0,890.0,1512.0,1040.0,1226.0,1045.0,986.0,914.0,828.0,991.0,859.0,1036.0,1289.0,1013.0,1045.0,1095.0,1162.0,932.0,1321.0
Salem,809.0,627.0,659.0,822.0,1575.0,602.0,590.0,816.0,1876.0,853.0,1016.0,677.0,821.0,772.0,765.0,846.0,852.0,890.0,747.0,678.0,1157.0,1021.0,1045.0,1077.0,1087.0,700.0,762.0,841.0,1105.0,1007.0,1019.0,1026.0,1075.0,903.0,762.0,669.0,1552.0,615.0,779.0,731.0,712.0,925.0,584.0,657.0,676.0,968.0,852.0,688.0
Sandviken,697.0,815.0,815.0,697.0,872.0,845.0,847.0,963.0,969.0,869.0,893.0,899.0,799.0,733.0,788.0,1121.0,858.0,719.0,671.0,767.0,1039.0,996.0,796.0,695.0,764.0,699.0,851.0,672.0,932.0,864.0,741.0,1001.0,883.0,967.0,636.0,496.0,812.0,705.0,843.0,882.0,934.0,846.0,793.0,780.0,859.0,676.0,616.0,673.0
Sigtuna,1382.0,1345.0,1483.0,1495.0,1471.0,1814.0,1651.0,1495.0,1312.0,1432.0,1105.0,1207.0,1244.0,1116.0,1338.0,1354.0,1292.0,1450.0,1475.0,1370.0,1523.0,1352.0,1438.0,1354.0,1445.0,1418.0,1663.0,1425.0,1492.0,1454.0,1580.0,1409.0,1537.0,1425.0,1382.0,1272.0,1389.0,1324.0,1340.0,1425.0,1371.0,1382.0,1333.0,1471.0,1422.0,1518.0,1277.0,1244.0
Simrishamn,654.0,622.0,812.0,548.0,775.0,596.0,964.0,701.0,480.0,580.0,654.0,516.0,618.0,740.0,692.0,586.0,586.0,719.0,956.0,829.0,623.0,687.0,528.0,682.0,595.0,806.0,685.0,716.0,758.0,932.0,964.0,737.0,943.0,701.0,685.0,716.0,462.0,614.0,724.0,650.0,871.0,939.0,876.0,834.0,687.0,797.0,656.0,703.0
Sjöbo,970.0,660.0,654.0,714.0,725.0,1341.0,899.0,643.0,807.0,774.0,692.0,551.0,614.0,663.0,663.0,744.0,592.0,603.0,815.0,1130.0,793.0,739.0,706.0,668.0,867.0,764.0,845.0,1121.0,1013.0,688.0,823.0,720.0,839.0,845.0,812.0,850.0,789.0,924.0,756.0,729.0,745.0,929.0,924.0,686.0,848.0,583.0,664.0,691.0
Skara,754.0,760.0,998.0,1243.0,1074.0,776.0,1053.0,1069.0,1101.0,808.0,928.0,895.0,713.0,772.0,954.0,873.0,1302.0,964.0,1072.0,1286.0,1281.0,1173.0,1034.0,841.0,913.0,1143.0,908.0,1014.0,902.0,924.0,940.0,918.0,1084.0,918.0,812.0,817.0,925.0,946.0,1186.0,935.0,1080.0,978.0,887.0,823.0,1042.0,764.0,834.0,647.0
Skellefteå,559.0,504.0,573.0,652.0,716.0,769.0,676.0,672.0,726.0,780.0,710.0,600.0,461.0,474.0,567.0,608.0,653.0,693.0,694.0,832.0,737.0,871.0,768.0,607.0,1026.0,547.0,644.0,678.0,868.0,709.0,847.0,818.0,846.0,855.0,675.0,573.0,721.0,616.0,786.0,759.0,970.0,809.0,870.0,990.0,1023.0,750.0,802.0,719.0
Skinnskatteberg,1091.0,772.0,591.0,1000.0,909.0,704.0,863.0,682.0,1000.0,841.0,1159.0,659.0,1063.0,633.0,927.0,1311.0,1018.0,859.0,1085.0,1447.0,995.0,1447.0,1040.0,1085.0,719.0,517.0,741.0,517.0,472.0,606.0,696.0,1011.0,584.0,898.0,1684.0,472.0,1834.0,514.0,559.0,492.0,693.0,805.0,1029.0,894.0,872.0,984.0,783.0,671.0
Skurup,607.0,634.0,821.0,801.0,874.0,801.0,754.0,714.0,801.0,807.0,787.0,740.0,1166.0,802.0,1133.0,682.0,729.0,715.0,676.0,682.0,1027.0,788.0,715.0,603.0,620.0,508.0,574.0,587.0,785.0,719.0,693.0,1016.0,970.0,732.0,653.0,660.0,687.0,515.0,654.0,825.0,819.0,720.0,521.0,627.0,931.0,1030.0,772.0,706.0
Skövde,582.0,512.0,664.0,765.0,784.0,744.0,700.0,815.0,878.0,851.0,729.0,748.0,664.0,579.0,809.0,711.0,926.0,717.0,725.0,866.0,757.0,1055.0,917.0,768.0,1110.0,632.0,808.0,802.0,853.0,701.0,639.0,902.0,872.0,881.0,724.0,637.0,794.0,809.0,814.0,773.0,820.0,794.0,784.0,767.0,810.0,816.0,986.0,652.0
Smedjebacken,347.0,384.0,337.0,619.0,572.0,553.0,647.0,487.0,619.0,665.0,497.0,506.0,551.0,411.0,645.0,635.0,495.0,869.0,729.0,962.0,617.0,720.0,654.0,570.0,595.0,465.0,679.0,595.0,586.0,493.0,465.0,809.0,837.0,512.0,419.0,446.0,602.0,565.0,547.0,602.0,862.0,519.0,639.0,584.0,1140.0,399.0,500.0,667.0
Sollefteå,528.0,671.0,1011.0,671.0,788.0,950.0,1108.0,1072.0,691.0,879.0,640.0,630.0,650.0,609.0,655.0,838.0,838.0,792.0,1010.0,1061.0,1477.0,1046.0,690.0,822.0,404.0,895.0,753.0,1117.0,1223.0,1107.0,1314.0,1269.0,1775.0,1072.0,819.0,935.0,864.0,844.0,859.0,1077.0,1062.0,869.0,885.0,1072.0,1097.0,915.0,1016.0,905.0
Sollentuna,1007.0,868.0,864.0,1001.0,1083.0,907.0,1003.0,1006.0,1095.0,1070.0,1036.0,840.0,866.0,912.0,927.0,1029.0,1306.0,959.0,882.0,944.0,1093.0,1100.0,1030.0,848.0,863.0,777.0,1016.0,1042.0,1116.0,1142.0,994.0,1035.0,1098.0,1062.0,923.0,969.0,831.0,968.0,1043.0,934.0,1117.0,1086.0,1004.0,989.0,1083.0,1090.0,1035.0,1080.0
Solna,1146.0,932.0,1030.0,1187.0,1446.0,1166.0,1015.0,1222.0,1241.0,1500.0,1157.0,929.0,1110.0,1245.0,1170.0,1200.0,1177.0,1312.0,1072.0,1322.0,1611.0,1478.0,1172.0,967.0,1290.0,1225.0,1469.0,1535.0,1426.0,1332.0,1308.0,1630.0,1316.0,1389.0,1252.0,1212.0,1270.0,1926.0,1433.0,1375.0,1434.0,1580.0,1410.0,1372.0,1426.0,1687.0,1266.0,1161.0
Sorsele,873.0,228.0,456.0,873.0,607.0,532.0,532.0,1443.0,721.0,418.0,456.0,304.0,349.0,349.0,271.0,543.0,853.0,310.0,775.0,775.0,698.0,504.0,388.0,504.0,197.0,866.0,866.0,590.0,354.0,512.0,787.0,905.0,787.0,512.0,905.0,630.0,397.0,596.0,755.0,715.0,954.0,477.0,517.0,795.0,596.0,676.0,676.0,755.0
Sotenäs,491.0,279.0,580.0,602.0,636.0,1160.0,1863.0,758.0,714.0,390.0,435.0,468.0,258.0,470.0,459.0,347.0,549.0,1568.0,1165.0,1053.0,683.0,784.0,459.0,179.0,312.0,390.0,379.0,558.0,881.0,1862.0,1639.0,1182.0,914.0,925.0,558.0,569.0,455.0,433.0,411.0,489.0,600.0,1566.0,1488.0,1066.0,655.0,955.0,744.0,1199.0
Staffanstorp,849.0,526.0,730.0,575.0,703.0,805.0,593.0,690.0,730.0,788.0,695.0,549.0,574.0,626.0,858.0,709.0,736.0,727.0,556.0,631.0,810.0,915.0,600.0,688.0,620.0,668.0,681.0,668.0,911.0,768.0,737.0,664.0,573.0,859.0,902.0,625.0,614.0,562.0,558.0,688.0,735.0,865.0,619.0,692.0,856.0,731.0,813.0,610.0
Stenungsund,526.0,647.0,719.0,715.0,614.0,743.0,755.0,851.0,944.0,1044.0,663.0,655.0,554.0,629.0,817.0,609.0,976.0,1000.0,936.0,864.0,952.0,1159.0,876.0,888.0,622.0,559.0,811.0,870.0,977.0,717.0,961.0,926.0,685.0,815.0,898.0,685.0,721.0,757.0,725.0,745.0,639.0,733.0,831.0,812.0,941.0,1113.0,906.0,910.0
Stockholm,1702.0,1575.0,1712.0,1779.0,2016.0,1904.0,1795.0,2043.0,2124.0,2227.0,1879.0,1776.0,1758.0,1656.0,1906.0,1823.0,1965.0,1994.0,1677.0,1999.0,2203.0,2290.0,2131.0,1714.0,1897.0,1797.0,2001.0,2028.0,1993.0,1965.0,1991.0,2407.0,2088.0,1852.0,1671.0,1844.0,2298.0,2686.0,1995.0,1824.0,1928.0,2059.0,1946.0,1931.0,1874.0,2133.0,1829.0,1621.0
Storfors,580.0,290.0,652.0,555.0,894.0,797.0,435.0,483.0,676.0,555.0,435.0,652.0,340.0,777.0,583.0,631.0,1020.0,631.0,1165.0,558.0,898.0,801.0,558.0,316.0,590.0,319.0,516.0,1081.0,1278.0,1450.0,590.0,713.0,442.0,639.0,467.0,565.0,322.0,744.0,719.0,372.0,298.0,422.0,620.0,446.0,620.0,496.0,521.0,397.0
Storuman,920.0,953.0,518.0,853.0,1020.0,485.0,1020.0,569.0,769.0,502.0,619.0,602.0,806.0,756.0,554.0,1024.0,907.0,588.0,504.0,487.0,470.0,521.0,470.0,756.0,521.0,706.0,874.0,588.0,521.0,555.0,471.0,588.0,756.0,672.0,487.0,370.0,942.0,1043.0,673.0,522.0,606.0,942.0,404.0,740.0,269.0,353.0,437.0,421.0
Strängnäs,918.0,650.0,680.0,825.0,806.0,885.0,909.0,873.0,1071.0,888.0,692.0,710.0,669.0,675.0,699.0,850.0,838.0,859.0,928.0,785.0,940.0,1097.0,1219.0,693.0,794.0,803.0,824.0,888.0,1089.0,894.0,856.0,906.0,1074.0,924.0,838.0,836.0,657.0,894.0,842.0,827.0,930.0,1182.0,886.0,850.0,886.0,935.0,798.0,695.0
Strömstad,565.0,775.0,791.0,872.0,1114.0,1058.0,1510.0,1671.0,1195.0,807.0,775.0,743.0,667.0,945.0,842.0,922.0,1041.0,1104.0,1470.0,1223.0,1192.0,866.0,850.0,882.0,744.0,532.0,822.0,1049.0,1057.0,1080.0,1652.0,1010.0,1080.0,939.0,861.0,939.0,755.0,941.0,840.0,1042.0,1035.0,1198.0,1361.0,1167.0,1198.0,1035.0,1564.0,1112.0
Strömsund,580.0,464.0,332.0,456.0,605.0,439.0,730.0,987.0,663.0,978.0,423.0,406.0,394.0,629.0,411.0,444.0,478.0,780.0,729.0,461.0,537.0,604.0,629.0,545.0,348.0,382.0,365.0,390.0,339.0,526.0,602.0,636.0,780.0,755.0,441.0,492.0,435.0,598.0,546.0,743.0,837.0,632.0,606.0,837.0,546.0,555.0,649.0,666.0
Sundbyberg,1338.0,1180.0,1247.0,1139.0,1343.0,1204.0,1043.0,1172.0,1364.0,1566.0,1443.0,1112.0,1294.0,1241.0,1591.0,1621.0,1328.0,1382.0,1185.0,1393.0,1582.0,1665.0,1557.0,1218.0,1364.0,1412.0,1364.0,1889.0,1772.0,1803.0,1694.0,1878.0,1554.0,1521.0,1202.0,1459.0,1403.0,2082.0,1158.0,1314.0,1492.0,1429.0,1421.0,1277.0,1271.0,1479.0,952.0,976.0
Sundsvall,932.0,833.0,862.0,1101.0,1038.0,967.0,1090.0,1187.0,1204.0,1133.0,1009.0,841.0,946.0,931.0,1053.0,1118.0,1209.0,1182.0,1032.0,1163.0,1361.0,1018.0,948.0,1036.0,1147.0,977.0,1020.0,1015.0,1013.0,1134.0,1043.0,1075.0,1068.0,964.0,927.0,942.0,1224.0,916.0,879.0,960.0,1148.0,1306.0,1163.0,1256.0,1094.0,1102.0,885.0,1070.0
Sunne,429.0,437.0,352.0,574.0,590.0,429.0,705.0,597.0,521.0,666.0,429.0,314.0,574.0,483.0,498.0,483.0,889.0,559.0,804.0,421.0,751.0,820.0,666.0,506.0,304.0,532.0,517.0,471.0,479.0,426.0,730.0,532.0,433.0,570.0,570.0,312.0,318.0,401.0,666.0,712.0,689.0,507.0,712.0,469.0,727.0,719.0,348.0,439.0
Surahammar,456.0,517.0,619.0,669.0,639.0,466.0,537.0,994.0,619.0,598.0,811.0,487.0,577.0,608.0,911.0,871.0,972.0,1124.0,921.0,891.0,1569.0,1164.0,1023.0,780.0,945.0,512.0,653.0,985.0,784.0,1055.0,583.0,724.0,583.0,734.0,774.0,734.0,571.0,671.0,1032.0,971.0,851.0,731.0,1062.0,691.0,811.0,751.0,531.0,391.0
Svalöv,1526.0,1601.0,1654.0,1631.0,940.0,1180.0,1451.0,864.0,767.0,887.0,879.0,902.0,956.0,888.0,1000.0,1060.0,1336.0,1097.0,1172.0,1463.0,4919.0,1097.0,941.0,799.0,701.0,642.0,752.0,856.0,996.0,1210.0,1114.0,1025.0,856.0,1062.0,1151.0,745.0,813.0,828.0,879.0,937.0,1164.0,974.0,879.0,850.0,784.0,813.0,608.0,666.0
Svedala,649.0,400.0,549.0,599.0,649.0,849.0,794.0,709.0,704.0,619.0,629.0,644.0,556.0,600.0,655.0,640.0,734.0,665.0,600.0,571.0,804.0,665.0,1047.0,625.0,486.0,521.0,673.0,668.0,707.0,781.0,2034.0,752.0,590.0,909.0,703.0,968.0,660.0,435.0,674.0,626.0,787.0,665.0,650.0,733.0,855.0,792.0,718.0,533.0
Svenljunga,623.0,545.0,575.0,555.0,1042.0,789.0,740.0,594.0,682.0,1081.0,818.0,691.0,668.0,552.0,571.0,581.0,707.0,590.0,658.0,900.0,552.0,881.0,348.0,465.0,949.0,517.0,824.0,738.0,968.0,1342.0,930.0,843.0,767.0,891.0,498.0,958.0,723.0,619.0,923.0,971.0,838.0,971.0,723.0,676.0,714.0,685.0,790.0,942.0
Säffle,490.0,896.0,641.0,549.0,811.0,641.0,674.0,634.0,732.0,1007.0,765.0,484.0,614.0,751.0,843.0,902.0,751.0,810.0,529.0,758.0,1281.0,758.0,719.0,719.0,827.0,743.0,599.0,756.0,808.0,808.0,717.0,821.0,1629.0,671.0,704.0,919.0,664.0,709.0,573.0,722.0,618.0,996.0,800.0,1080.0,911.0,820.0,651.0,774.0
Säter,525.0,635.0,617.0,847.0,663.0,737.0,764.0,626.0,764.0,442.0,488.0,773.0,616.0,460.0,469.0,570.0,625.0,726.0,551.0,450.0,542.0,515.0,358.0,423.0,749.0,375.0,411.0,539.0,521.0,722.0,786.0,886.0,676.0,987.0,566.0,566.0,536.0,463.0,400.0,709.0,572.0,527.0,509.0,772.0,718.0,636.0,836.0,654.0
Sävsjö,614.0,614.0,587.0,1256.0,3383.0,779.0,1146.0,1018.0,1430.0,623.0,660.0,550.0,970.0,517.0,870.0,788.0,625.0,553.0,580.0,707.0,562.0,616.0,698.0,553.0,663.0,546.0,663.0,520.0,761.0,896.0,735.0,457.0,941.0,717.0,591.0,582.0,570.0,757.0,1015.0,730.0,793.0,588.0,623.0,730.0,846.0,606.0,525.0,668.0
Söderhamn,845.0,671.0,711.0,821.0,916.0,928.0,1097.0,1232.0,1093.0,1097.0,932.0,762.0,562.0,735.0,794.0,943.0,1136.0,1018.0,1305.0,1399.0,1281.0,1489.0,1100.0,1238.0,866.0,870.0,1046.0,1124.0,1218.0,1378.0,952.0,1077.0,1007.0,859.0,788.0,769.0,783.0,842.0,1028.0,970.0,970.0,1024.0,900.0,1032.0,1063.0,939.0,783.0,861.0
Söderköping,325.0,416.0,515.0,593.0,409.0,685.0,459.0,572.0,529.0,536.0,550.0,550.0,323.0,386.0,429.0,597.0,520.0,569.0,780.0,499.0,513.0,583.0,576.0,337.0,267.0,288.0,330.0,505.0,498.0,596.0,582.0,526.0,603.0,624.0,533.0,372.0,267.0,414.0,407.0,541.0,506.0,456.0,351.0,618.0,667.0,344.0,534.0,358.0
Södertälje,1114.0,1006.0,929.0,1195.0,1180.0,1196.0,1084.0,1330.0,1694.0,1721.0,1464.0,1209.0,1349.0,1210.0,1290.0,1199.0,1313.0,1423.0,1162.0,1246.0,1523.0,1543.0,1230.0,1283.0,1370.0,1166.0,1578.0,1741.0,1591.0,1726.0,1573.0,1576.0,1801.0,1454.0,1324.0,1677.0,2088.0,1512.0,1373.0,1345.0,1251.0,1283.0,1311.0,1279.0,1297.0,1365.0,1310.0,1185.0
Sölvesborg,1220.0,399.0,565.0,649.0,845.0,1607.0,845.0,1125.0,988.0,774.0,667.0,649.0,681.0,450.0,610.0,521.0,829.0,1404.0,895.0,859.0,770.0,669.0,640.0,829.0,762.0,1055.0,955.0,950.0,967.0,1694.0,1137.0,1067.0,914.0,1055.0,873.0,897.0,769.0,699.0,682.0,927.0,763.0,2325.0,1288.0,1061.0,1270.0,705.0,828.0,653.0
Tanum,619.0,586.0,610.0,651.0,594.0,684.0,1115.0,977.0,757.0,757.0,700.0,553.0,325.0,519.0,779.0,519.0,568.0,1144.0,1387.0,876.0,779.0,1014.0,876.0,552.0,395.0,419.0,742.0,516.0,677.0,637.0,1073.0,1137.0,685.0,766.0,927.0,419.0,393.0,578.0,682.0,787.0,1228.0,931.0,1156.0,915.0,1084.0,963.0,562.0,490.0
Tibro,560.0,439.0,383.0,551.0,999.0,588.0,653.0,840.0,700.0,933.0,551.0,625.0,518.0,1166.0,611.0,518.0,851.0,796.0,629.0,712.0,537.0,842.0,842.0,481.0,568.0,623.0,559.0,842.0,696.0,742.0,421.0,513.0,659.0,861.0,732.0,531.0,328.0,419.0,428.0,556.0,692.0,783.0,638.0,583.0,865.0,719.0,528.0,373.0
Tidaholm,502.0,685.0,717.0,748.0,971.0,804.0,597.0,677.0,597.0,955.0,462.0,486.0,667.0,342.0,580.0,810.0,770.0,397.0,786.0,770.0,913.0,858.0,635.0,818.0,910.0,696.0,1012.0,609.0,569.0,554.0,601.0,522.0,593.0,1827.0,467.0,546.0,789.0,624.0,426.0,868.0,821.0,537.0,505.0,821.0,852.0,600.0,442.0,513.0
Tierp,546.0,432.0,635.0,868.0,878.0,764.0,1087.0,1032.0,948.0,685.0,908.0,715.0,574.0,673.0,792.0,673.0,654.0,644.0,842.0,723.0,772.0,941.0,659.0,683.0,907.0,662.0,667.0,922.0,682.0,564.0,824.0,907.0,691.0,819.0,711.0,564.0,696.0,876.0,808.0,745.0,871.0,939.0,711.0,764.0,696.0,793.0,642.0,725.0
Timrå,405.0,588.0,433.0,610.0,932.0,887.0,1181.0,643.0,965.0,765.0,777.0,582.0,987.0,682.0,842.0,637.0,826.0,798.0,870.0,1142.0,926.0,998.0,793.0,820.0,705.0,700.0,639.0,628.0,722.0,1177.0,883.0,877.0,600.0,683.0,733.0,750.0,728.0,762.0,839.0,545.0,1056.0,567.0,856.0,867.0,906.0,812.0,612.0,995.0
Tingsryd,543.0,593.0,774.0,782.0,510.0,782.0,840.0,716.0,716.0,881.0,634.0,617.0,657.0,419.0,632.0,542.0,797.0,912.0,714.0,542.0,657.0,542.0,476.0,764.0,687.0,605.0,777.0,891.0,859.0,924.0,760.0,662.0,1104.0,671.0,646.0,842.0,481.0,889.0,522.0,620.0,644.0,546.0,644.0,767.0,889.0,848.0,636.0,718.0
Tjörn,500.0,413.0,360.0,446.0,493.0,460.0,739.0,673.0,426.0,460.0,486.0,420.0,722.0,358.0,464.0,530.0,510.0,537.0,729.0,822.0,610.0,828.0,669.0,523.0,539.0,512.0,617.0,558.0,447.0,598.0,545.0,663.0,696.0,473.0,519.0,479.0,470.0,346.0,424.0,555.0,568.0,483.0,522.0,705.0,744.0,653.0,522.0,392.0
Tomelilla,736.0,775.0,620.0,783.0,752.0,697.0,821.0,876.0,961.0,883.0,1155.0,1085.0,741.0,958.0,703.0,772.0,873.0,1027.0,911.0,965.0,950.0,1019.0,981.0,1058.0,872.0,735.0,1171.0,918.0,681.0,1232.0,773.0,1094.0,1148.0,1255.0,1132.0,918.0,663.0,830.0,815.0,1066.0,1104.0,1256.0,1180.0,929.0,815.0,937.0,906.0,838.0
Torsby,371.0,536.0,503.0,545.0,710.0,817.0,1040.0,545.0,941.0,809.0,611.0,388.0,483.0,508.0,667.0,742.0,841.0,525.0,708.0,767.0,683.0,783.0,500.0,750.0,477.0,536.0,402.0,728.0,427.0,561.0,946.0,510.0,887.0,552.0,753.0,586.0,605.0,563.0,479.0,638.0,638.0,613.0,1008.0,588.0,957.0,596.0,613.0,596.0
Torsås,553.0,451.0,349.0,495.0,830.0,917.0,961.0,699.0,684.0,670.0,495.0,437.0,565.0,261.0,493.0,652.0,1376.0,681.0,1087.0,652.0,565.0,507.0,609.0,1058.0,663.0,937.0,562.0,736.0,793.0,952.0,1298.0,966.0,1558.0,620.0,591.0,880.0,1570.0,446.0,446.0,504.0,576.0,691.0,648.0,979.0,663.0,591.0,446.0,374.0
Tranemo,537.0,476.0,597.0,718.0,519.0,459.0,364.0,398.0,641.0,632.0,615.0,450.0,578.0,414.0,363.0,397.0,483.0,725.0,466.0,665.0,682.0,578.0,742.0,302.0,585.0,611.0,525.0,542.0,679.0,499.0,413.0,559.0,722.0,568.0,507.0,619.0,689.0,637.0,568.0,611.0,551.0,594.0,525.0,689.0,654.0,482.0,585.0,602.0
Tranås,803.0,567.0,495.0,870.0,952.0,892.0,958.0,980.0,836.0,820.0,781.0,908.0,732.0,656.0,776.0,721.0,1065.0,1087.0,847.0,1278.0,1043.0,787.0,770.0,989.0,703.0,925.0,758.0,1109.0,931.0,763.0,720.0,1028.0,1282.0,904.0,844.0,958.0,814.0,566.0,706.0,1084.0,857.0,836.0,631.0,847.0,793.0,938.0,782.0,825.0
Trelleborg,932.0,957.0,845.0,815.0,918.0,866.0,1140.0,1093.0,929.0,1093.0,812.0,969.0,867.0,1023.0,1037.0,949.0,1093.0,974.0,718.0,1016.0,944.0,876.0,1205.0,753.0,985.0,873.0,1001.0,1070.0,1061.0,1096.0,917.0,1364.0,1293.0,1093.0,1093.0,873.0,844.0,773.0,1096.0,793.0,812.0,828.0,754.0,846.0,879.0,1006.0,950.0,982.0
Trollhättan,830.0,805.0,956.0,853.0,1056.0,856.0,997.0,1058.0,1271.0,1138.0,921.0,986.0,994.0,927.0,1036.0,1158.0,1089.0,1055.0,974.0,856.0,1128.0,1170.0,989.0,869.0,935.0,828.0,977.0,1026.0,970.0,868.0,881.0,930.0,991.0,900.0,903.0,826.0,923.0,879.0,981.0,892.0,1000.0,895.0,920.0,949.0,1037.0,1088.0,892.0,874.0
Trosa,638.0,483.0,371.0,560.0,732.0,801.0,922.0,681.0,595.0,793.0,638.0,508.0,459.0,714.0,917.0,951.0,629.0,1019.0,866.0,849.0,926.0,714.0,807.0,595.0,501.0,476.0,576.0,568.0,535.0,685.0,677.0,585.0,576.0,668.0,760.0,401.0,522.0,762.0,555.0,704.0,679.0,787.0,811.0,828.0,1060.0,861.0,720.0,513.0
Tyresö,852.0,963.0,736.0,693.0,788.0,786.0,704.0,761.0,911.0,1063.0,950.0,815.0,662.0,591.0,912.0,850.0,807.0,689.0,727.0,752.0,716.0,1015.0,761.0,529.0,609.0,786.0,806.0,815.0,810.0,1029.0,906.0,1273.0,1083.0,922.0,965.0,1077.0,1185.0,957.0,1107.0,983.0,1065.0,853.0,927.0,1085.0,1178.0,1091.0,1200.0,810.0
Täby,632.0,670.0,586.0,705.0,1033.0,714.0,1616.0,946.0,753.0,1387.0,723.0,796.0,928.0,635.0,820.0,751.0,877.0,929.0,926.0,822.0,925.0,892.0,763.0,606.0,678.0,644.0,792.0,851.0,1021.0,1531.0,1485.0,941.0,833.0,807.0,807.0,917.0,907.0,898.0,861.0,810.0,870.0,933.0,624.0,687.0,907.0,807.0,668.0,665.0
Töreboda,789.0,633.0,633.0,844.0,711.0,767.0,833.0,900.0,789.0,822.0,556.0,622.0,543.0,498.0,720.0,1428.0,974.0,963.0,675.0,1163.0,1240.0,1495.0,1030.0,1295.0,1133.0,1209.0,1383.0,1634.0,1133.0,991.0,1318.0,1514.0,1318.0,1274.0,947.0,980.0,829.0,1302.0,1076.0,829.0,1065.0,893.0,1291.0,1141.0,1194.0,710.0,721.0,646.0
Uddevalla,864.0,676.0,811.0,940.0,1133.0,1095.0,1105.0,1036.0,999.0,1033.0,951.0,999.0,937.0,948.0,1046.0,957.0,1278.0,1126.0,1230.0,1070.0,1198.0,1156.0,931.0,877.0,897.0,947.0,1077.0,884.0,990.0,891.0,1077.0,1111.0,1101.0,1205.0,1066.0,966.0,947.0,1050.0,938.0,1002.0,1290.0,921.0,989.0,1061.0,1447.0,1124.0,956.0,954.0
Ulricehamn,701.0,511.0,541.0,619.0,757.0,748.0,960.0,965.0,640.0,831.0,640.0,549.0,611.0,555.0,758.0,732.0,676.0,796.0,629.0,736.0,590.0,637.0,590.0,538.0,531.0,466.0,770.0,646.0,907.0,1164.0,860.0,1647.0,745.0,1374.0,552.0,458.0,558.0,600.0,515.0,507.0,596.0,621.0,524.0,809.0,643.0,532.0,489.0,443.0
Umeå,683.0,523.0,602.0,738.0,856.0,889.0,766.0,788.0,795.0,774.0,727.0,581.0,656.0,530.0,745.0,646.0,851.0,812.0,725.0,754.0,887.0,762.0,777.0,665.0,680.0,604.0,740.0,750.0,868.0,746.0,663.0,825.0,929.0,753.0,654.0,580.0,809.0,787.0,717.0,758.0,1091.0,787.0,725.0,822.0,897.0,849.0,730.0,771.0
Upplands Väsby,922.0,862.0,871.0,913.0,908.0,1022.0,947.0,995.0,1083.0,1202.0,1166.0,930.0,1391.0,1732.0,1244.0,1086.0,987.0,927.0,829.0,992.0,1078.0,1078.0,1026.0,982.0,1004.0,1072.0,1162.0,1120.0,1245.0,1714.0,1465.0,1771.0,1475.0,1134.0,893.0,1080.0,1027.0,1177.0,1289.0,1081.0,1097.0,1001.0,870.0,1076.0,1259.0,1203.0,1045.0,900.0
Upplands-Bro,697.0,791.0,917.0,803.0,938.0,868.0,881.0,934.0,1337.0,1231.0,1011.0,828.0,1000.0,924.0,1096.0,940.0,868.0,900.0,892.0,1036.0,1200.0,1088.0,968.0,1032.0,1077.0,1147.0,1210.0,1312.0,1331.0,1253.0,1120.0,1116.0,901.0,1159.0,1171.0,1641.0,997.0,1031.0,1179.0,1152.0,1148.0,1016.0,1028.0,966.0,1125.0,1136.0,1148.0,1086.0
Uppsala,777.0,800.0,748.0,832.0,1093.0,902.0,928.0,970.0,1063.0,1016.0,869.0,867.0,964.0,783.0,1010.0,934.0,1269.0,982.0,923.0,939.0,1093.0,1038.0,885.0,1293.0,989.0,740.0,883.0,865.0,997.0,883.0,839.0,906.0,986.0,1022.0,798.0,789.0,749.0,814.0,893.0,858.0,1085.0,952.0,778.0,950.0,1010.0,1019.0,892.0,890.0
Uppvidinge,463.0,420.0,442.0,496.0,690.0,668.0,711.0,786.0,539.0,528.0,388.0,420.0,346.0,519.0,540.0,670.0,454.0,627.0,475.0,616.0,573.0,573.0,389.0,400.0,507.0,378.0,841.0,723.0,744.0,820.0,431.0,485.0,615.0,529.0,550.0,539.0,547.0,504.0,601.0,944.0,655.0,397.0,451.0,515.0,558.0,440.0,504.0,333.0
Vadstena,530.0,557.0,462.0,462.0,747.0,666.0,706.0,666.0,571.0,448.0,435.0,408.0,325.0,379.0,839.0,447.0,406.0,460.0,866.0,596.0,650.0,433.0,568.0,393.0,432.0,419.0,500.0,784.0,1027.0,716.0,432.0,595.0,351.0,1014.0,554.0,554.0,405.0,540.0,716.0,1040.0,851.0,662.0,446.0,986.0,851.0,662.0,540.0,270.0
Vaggeryd,516.0,516.0,508.0,486.0,926.0,698.0,653.0,645.0,630.0,706.0,486.0,470.0,613.0,454.0,802.0,567.0,613.0,719.0,424.0,620.0,598.0,840.0,499.0,545.0,489.0,541.0,1263.0,812.0,820.0,827.0,617.0,601.0,586.0,1068.0,812.0,639.0,583.0,673.0,583.0,606.0,845.0,666.0,553.0,613.0,643.0,688.0,351.0,456.0
Valdemarsvik,619.0,277.0,422.0,685.0,817.0,725.0,659.0,764.0,672.0,619.0,566.0,527.0,512.0,381.0,840.0,486.0,643.0,604.0,958.0,722.0,617.0,499.0,407.0,472.0,454.0,260.0,584.0,441.0,571.0,675.0,584.0,636.0,428.0,532.0,688.0,519.0,439.0,568.0,981.0,697.0,529.0,710.0,1046.0,581.0,594.0,749.0,710.0,413.0
Vallentuna,417.0,334.0,548.0,723.0,713.0,522.0,662.0,767.0,1012.0,662.0,608.0,694.0,554.0,834.0,1016.0,868.0,727.0,714.0,503.0,601.0,859.0,940.0,761.0,591.0,535.0,556.0,780.0,734.0,737.0,622.0,2434.0,855.0,1153.0,656.0,793.0,752.0,738.0,769.0,818.0,908.0,855.0,1195.0,803.0,670.0,791.0,1118.0,744.0,621.0
Vansbro,326.0,400.0,400.0,429.0,607.0,755.0,489.0,444.0,503.0,740.0,533.0,474.0,402.0,507.0,402.0,358.0,507.0,670.0,477.0,566.0,372.0,611.0,656.0,358.0,298.0,373.0,507.0,254.0,626.0,641.0,522.0,984.0,686.0,567.0,612.0,418.0,1028.0,566.0,551.0,268.0,477.0,670.0,581.0,581.0,506.0,596.0,387.0,313.0
Vara,969.0,873.0,610.0,687.0,834.0,828.0,558.0,661.0,828.0,526.0,590.0,501.0,872.0,583.0,993.0,949.0,718.0,756.0,673.0,654.0,577.0,942.0,679.0,673.0,953.0,1068.0,1005.0,1043.0,883.0,851.0,806.0,774.0,595.0,845.0,723.0,953.0,575.0,702.0,696.0,696.0,830.0,1009.0,645.0,945.0,849.0,919.0,1092.0,830.0
Varberg,614.0,477.0,719.0,703.0,794.0,739.0,722.0,695.0,703.0,789.0,804.0,811.0,688.0,610.0,773.0,773.0,791.0,705.0,723.0,771.0,705.0,585.0,693.0,572.0,710.0,647.0,800.0,634.0,776.0,720.0,761.0,789.0,720.0,776.0,730.0,578.0,578.0,677.0,657.0,665.0,813.0,691.0,685.0,705.0,778.0,734.0,544.0,588.0
Vaxholm,260.0,251.0,233.0,359.0,672.0,601.0,923.0,627.0,520.0,556.0,529.0,269.0,453.0,417.0,444.0,560.0,480.0,719.0,782.0,666.0,497.0,586.0,489.0,284.0,616.0,326.0,572.0,581.0,696.0,801.0,528.0,960.0,581.0,555.0,616.0,370.0,562.0,343.0,633.0,431.0,606.0,466.0,554.0,782.0,457.0,395.0,343.0,264.0
Vellinge,421.0,525.0,454.0,475.0,567.0,581.0,839.0,599.0,641.0,501.0,484.0,457.0,442.0,521.0,580.0,400.0,389.0,442.0,666.0,492.0,554.0,483.0,560.0,512.0,483.0,390.0,497.0,430.0,544.0,503.0,788.0,590.0,483.0,430.0,393.0,541.0,395.0,485.0,502.0,505.0,519.0,652.0,666.0,715.0,542.0,574.0,614.0,479.0
Vetlanda,497.0,455.0,561.0,543.0,615.0,660.0,637.0,626.0,694.0,717.0,444.0,573.0,456.0,923.0,531.0,513.0,603.0,573.0,426.0,580.0,648.0,524.0,509.0,418.0,598.0,392.0,572.0,639.0,575.0,598.0,661.0,788.0,747.0,721.0,609.0,561.0,837.0,487.0,636.0,755.0,796.0,521.0,540.0,674.0,584.0,510.0,584.0,525.0
Vilhelmina,795.0,564.0,636.0,535.0,376.0,651.0,463.0,651.0,810.0,622.0,665.0,579.0,335.0,582.0,626.0,320.0,612.0,655.0,626.0,539.0,815.0,510.0,626.0,510.0,424.0,790.0,658.0,380.0,1214.0,570.0,483.0,936.0,702.0,892.0,658.0,526.0,630.0,498.0,600.0,805.0,1010.0,996.0,498.0,644.0,425.0,659.0,966.0,527.0
Vimmerby,534.0,306.0,502.0,430.0,560.0,710.0,671.0,521.0,495.0,775.0,391.0,495.0,471.0,392.0,700.0,549.0,484.0,530.0,902.0,628.0,726.0,562.0,320.0,327.0,456.0,410.0,671.0,573.0,566.0,645.0,762.0,671.0,553.0,417.0,482.0,436.0,577.0,571.0,506.0,674.0,584.0,564.0,441.0,623.0,357.0,655.0,733.0,506.0
Vindeln,916.0,542.0,1028.0,729.0,374.0,318.0,561.0,766.0,635.0,448.0,467.0,318.0,205.0,373.0,634.0,336.0,839.0,858.0,615.0,746.0,708.0,727.0,615.0,634.0,948.0,335.0,651.0,688.0,614.0,558.0,298.0,781.0,670.0,725.0,521.0,465.0,745.0,1005.0,708.0,447.0,540.0,465.0,670.0,447.0,912.0,745.0,875.0,987.0
Vingåker,931.0,659.0,829.0,965.0,750.0,625.0,863.0,829.0,784.0,1124.0,625.0,727.0,529.0,867.0,721.0,653.0,845.0,969.0,1059.0,1003.0,924.0,1093.0,687.0,653.0,806.0,694.0,862.0,1108.0,962.0,839.0,1085.0,806.0,828.0,1018.0,783.0,862.0,603.0,693.0,771.0,1050.0,1497.0,1162.0,860.0,838.0,670.0,927.0,949.0,760.0
Vänersborg,673.0,581.0,648.0,831.0,802.0,847.0,861.0,912.0,896.0,796.0,901.0,821.0,643.0,678.0,943.0,882.0,795.0,1042.0,925.0,819.0,973.0,1177.0,933.0,805.0,905.0,886.0,839.0,881.0,962.0,1038.0,787.0,795.0,1057.0,821.0,829.0,705.0,756.0,761.0,696.0,706.0,769.0,928.0,743.0,805.0,779.0,855.0,717.0,763.0
Vännäs,398.0,327.0,316.0,608.0,678.0,409.0,351.0,339.0,783.0,596.0,585.0,573.0,419.0,372.0,360.0,349.0,570.0,326.0,512.0,605.0,1012.0,709.0,244.0,477.0,593.0,407.0,395.0,790.0,384.0,407.0,430.0,535.0,442.0,267.0,337.0,442.0,570.0,524.0,407.0,628.0,431.0,407.0,477.0,396.0,582.0,326.0,279.0,722.0
Värmdö,680.0,682.0,553.0,722.0,710.0,975.0,821.0,856.0,897.0,894.0,861.0,720.0,598.0,757.0,837.0,839.0,852.0,939.0,844.0,921.0,794.0,827.0,752.0,710.0,740.0,723.0,735.0,779.0,750.0,1004.0,960.0,816.0,879.0,1039.0,845.0,852.0,596.0,1109.0,810.0,825.0,1085.0,976.0,951.0,844.0,1073.0,898.0,844.0,795.0
Värnamo,698.0,680.0,532.0,789.0,795.0,665.0,744.0,883.0,589.0,880.0,683.0,565.0,833.0,734.0,731.0,602.0,641.0,746.0,722.0,869.0,743.0,578.0,707.0,722.0,713.0,739.0,718.0,689.0,1063.0,886.0,644.0,1242.0,868.0,976.0,973.0,727.0,577.0,600.0,717.0,831.0,860.0,929.0,732.0,819.0,908.0,822.0,786.0,678.0
Västervik,507.0,622.0,513.0,571.0,663.0,814.0,973.0,727.0,638.0,725.0,744.0,610.0,638.0,532.0,685.0,749.0,632.0,841.0,925.0,805.0,697.0,627.0,724.0,446.0,597.0,522.0,567.0,561.0,586.0,856.0,850.0,836.0,1123.0,814.0,614.0,659.0,466.0,619.0,660.0,699.0,732.0,921.0,910.0,810.0,935.0,843.0,680.0,635.0
Västerås,904.0,768.0,919.0,1207.0,1383.0,1132.0,1214.0,1216.0,1161.0,1177.0,996.0,953.0,977.0,932.0,1119.0,1159.0,1240.0,1181.0,1243.0,1066.0,1275.0,1176.0,1014.0,984.0,925.0,809.0,1132.0,1057.0,1052.0,1228.0,1330.0,1269.0,1120.0,1213.0,1099.0,953.0,899.0,942.0,988.0,864.0,1128.0,920.0,1092.0,987.0,1040.0,1435.0,1172.0,1112.0
Växjö,635.0,585.0,1076.0,1017.0,877.0,832.0,790.0,1027.0,897.0,852.0,803.0,641.0,720.0,656.0,904.0,892.0,1035.0,910.0,784.0,918.0,1013.0,973.0,817.0,801.0,845.0,884.0,801.0,956.0,882.0,860.0,792.0,834.0,901.0,854.0,851.0,825.0,745.0,726.0,797.0,914.0,897.0,903.0,735.0,903.0,1025.0,900.0,772.0,782.0
Vårgårda,778.0,742.0,625.0,670.0,724.0,670.0,824.0,797.0,697.0,733.0,833.0,489.0,551.0,596.0,749.0,975.0,1210.0,921.0,794.0,740.0,912.0,957.0,767.0,1083.0,566.0,827.0,1186.0,800.0,800.0,908.0,926.0,791.0,836.0,1007.0,530.0,521.0,511.0,654.0,931.0,806.0,976.0,931.0,869.0,573.0,591.0,994.0,663.0,681.0
Ydre,249.0,221.0,111.0,166.0,221.0,304.0,221.0,387.0,802.0,277.0,304.0,221.0,357.0,192.0,275.0,55.0,632.0,357.0,467.0,302.0,220.0,495.0,302.0,330.0,601.0,273.0,410.0,164.0,328.0,328.0,246.0,519.0,629.0,437.0,246.0,738.0,109.0,273.0,410.0,465.0,383.0,191.0,355.0,410.0,765.0,465.0,492.0,328.0
Ystad,717.0,749.0,574.0,640.0,843.0,909.0,801.0,899.0,714.0,993.0,944.0,769.0,861.0,892.0,1042.0,798.0,878.0,885.0,767.0,868.0,753.0,1087.0,923.0,683.0,599.0,637.0,859.0,848.0,762.0,900.0,800.0,949.0,873.0,886.0,800.0,672.0,700.0,731.0,683.0,624.0,811.0,797.0,842.0,738.0,845.0,752.0,845.0,766.0
Älmhult,597.0,286.0,381.0,451.0,540.0,686.0,553.0,597.0,756.0,584.0,578.0,546.0,549.0,467.0,625.0,657.0,985.0,688.0,461.0,518.0,644.0,682.0,600.0,632.0,592.0,530.0,630.0,711.0,599.0,730.0,549.0,711.0,829.0,879.0,555.0,436.0,495.0,557.0,693.0,656.0,606.0,724.0,600.0,637.0,631.0,693.0,717.0,711.0
Älvdalen,534.0,562.0,590.0,674.0,576.0,857.0,702.0,899.0,618.0,618.0,365.0,548.0,580.0,382.0,523.0,466.0,509.0,820.0,777.0,848.0,806.0,438.0,664.0,466.0,412.0,483.0,525.0,610.0,994.0,582.0,767.0,1008.0,880.0,554.0,341.0,1122.0,498.0,554.0,526.0,540.0,1023.0,782.0,824.0,697.0,1393.0,583.0,498.0,583.0
Älvkarleby,715.0,473.0,517.0,561.0,957.0,847.0,836.0,759.0,693.0,572.0,803.0,561.0,481.0,765.0,634.0,765.0,557.0,743.0,984.0,721.0,688.0,667.0,754.0,470.0,422.0,1159.0,953.0,617.0,650.0,932.0,758.0,498.0,975.0,672.0,682.0,509.0,624.0,732.0,753.0,527.0,656.0,624.0,904.0,775.0,603.0,549.0,786.0,613.0
Älvsbyn,599.0,452.0,599.0,550.0,635.0,794.0,538.0,855.0,709.0,709.0,660.0,440.0,526.0,404.0,551.0,551.0,490.0,600.0,624.0,710.0,832.0,918.0,624.0,698.0,599.0,477.0,1040.0,465.0,685.0,1040.0,294.0,795.0,868.0,636.0,489.0,489.0,415.0,855.0,440.0,501.0,391.0,623.0,452.0,709.0,892.0,587.0,684.0,599.0
Ängelholm,942.0,930.0,1178.0,859.0,970.0,824.0,935.0,756.0,859.0,771.0,862.0,827.0,827.0,752.0,844.0,739.0,787.0,789.0,901.0,1104.0,1009.0,797.0,919.0,792.0,828.0,679.0,986.0,1183.0,847.0,724.0,647.0,850.0,813.0,867.0,912.0,734.0,852.0,852.0,719.0,791.0,832.0,854.0,808.0,891.0,975.0,840.0,884.0,926.0
Åmål,646.0,589.0,606.0,638.0,761.0,1007.0,1162.0,876.0,483.0,597.0,745.0,565.0,652.0,440.0,668.0,562.0,1002.0,806.0,1067.0,562.0,937.0,1377.0,880.0,619.0,465.0,546.0,497.0,867.0,995.0,850.0,2391.0,658.0,530.0,570.0,546.0,786.0,532.0,579.0,682.0,611.0,778.0,540.0,833.0,968.0,817.0,1087.0,1214.0,802.0
Ånge,552.0,344.0,292.0,438.0,594.0,594.0,636.0,1313.0,917.0,813.0,636.0,469.0,704.0,483.0,546.0,588.0,557.0,683.0,557.0,631.0,641.0,736.0,588.0,483.0,474.0,400.0,632.0,559.0,632.0,748.0,453.0,632.0,780.0,1022.0,917.0,559.0,453.0,537.0,664.0,695.0,1854.0,874.0,716.0,737.0,674.0,695.0,590.0,453.0
Åre,1853.0,1220.0,1460.0,1133.0,816.0,490.0,749.0,538.0,538.0,471.0,624.0,634.0,1468.0,982.0,1011.0,1364.0,610.0,400.0,524.0,524.0,820.0,582.0,229.0,915.0,1356.0,1149.0,1102.0,867.0,433.0,565.0,867.0,396.0,405.0,801.0,763.0,1046.0,1470.0,1405.0,1199.0,983.0,731.0,562.0,946.0,590.0,918.0,824.0,721.0,1058.0
Årjäng,797.0,394.0,979.0,656.0,807.0,626.0,696.0,1009.0,807.0,505.0,575.0,606.0,658.0,476.0,840.0,678.0,547.0,567.0,830.0,688.0,790.0,658.0,739.0,516.0,701.0,701.0,793.0,813.0,864.0,874.0,539.0,864.0,976.0,823.0,569.0,803.0,598.0,486.0,669.0,578.0,760.0,426.0,557.0,648.0,740.0,557.0,638.0,476.0
Åsele,480.0,377.0,514.0,309.0,823.0,549.0,2126.0,1234.0,651.0,514.0,274.0,514.0,455.0,350.0,350.0,245.0,175.0,490.0,1435.0,1575.0,1155.0,455.0,595.0,805.0,600.0,600.0,247.0,423.0,564.0,459.0,2540.0,423.0,494.0,776.0,1058.0,1235.0,600.0,388.0,459.0,530.0,989.0,989.0,2331.0,353.0,847.0,671.0,565.0,424.0
Åstorp,1076.0,1083.0,1123.0,1359.0,1029.0,1083.0,982.0,1204.0,1022.0,1049.0,928.0,874.0,974.0,1614.0,1327.0,1200.0,1414.0,1647.0,1334.0,2007.0,1274.0,1487.0,1134.0,1274.0,1018.0,1025.0,1111.0,1296.0,1157.0,859.0,1163.0,1243.0,1190.0,1329.0,1111.0,1064.0,1132.0,1014.0,981.0,1264.0,1356.0,869.0,685.0,1218.0,1218.0,935.0,1330.0,1033.0
Åtvidaberg,341.0,271.0,297.0,550.0,402.0,393.0,471.0,332.0,445.0,646.0,367.0,244.0,401.0,253.0,829.0,445.0,375.0,454.0,366.0,593.0,602.0,515.0,532.0,515.0,322.0,330.0,391.0,487.0,417.0,634.0,452.0,495.0,582.0,461.0,339.0,330.0,329.0,416.0,416.0,338.0,702.0,502.0,416.0,580.0,554.0,563.0,537.0,788.0
Öckerö,295.0,191.0,342.0,327.0,382.0,342.0,494.0,526.0,358.0,358.0,446.0,366.0,262.0,397.0,365.0,476.0,325.0,404.0,444.0,341.0,373.0,341.0,373.0,285.0,261.0,347.0,324.0,395.0,395.0,332.0,379.0,197.0,411.0,308.0,268.0,205.0,229.0,300.0,284.0,331.0,323.0,300.0,465.0,434.0,197.0,418.0,237.0,213.0
Ödeshög,424.0,366.0,308.0,463.0,598.0,675.0,925.0,598.0,308.0,2044.0,655.0,598.0,634.0,326.0,307.0,346.0,653.0,1191.0,787.0,691.0,1268.0,499.0,634.0,519.0,477.0,420.0,420.0,477.0,611.0,630.0,764.0,573.0,286.0,535.0,687.0,764.0,707.0,764.0,630.0,821.0,649.0,783.0,1012.0,974.0,840.0,688.0,611.0,477.0
Örebro,1045.0,879.0,1006.0,1207.0,1262.0,1090.0,1175.0,1321.0,1329.0,1392.0,1298.0,1060.0,1134.0,928.0,1088.0,1200.0,1354.0,1359.0,1205.0,1257.0,1414.0,1391.0,1129.0,1091.0,1081.0,904.0,1160.0,1221.0,1232.0,1284.0,1236.0,1378.0,1381.0,1390.0,1116.0,1035.0,1080.0,1182.0,1155.0,1189.0,1299.0,1368.0,1191.0,1291.0,1264.0,1266.0,1146.0,1095.0
Örkelljunga,1067.0,839.0,1554.0,1088.0,1378.0,912.0,1139.0,870.0,994.0,1098.0,2289.0,880.0,1114.0,867.0,1083.0,1321.0,1186.0,1155.0,1176.0,1506.0,1063.0,1083.0,1073.0,732.0,992.0,1625.0,879.0,1125.0,1636.0,1227.0,1084.0,1033.0,1687.0,1155.0,1370.0,1165.0,1129.0,1190.0,966.0,1251.0,915.0,977.0,1190.0,987.0,1160.0,1170.0,1404.0,926.0
Örnsköldsvik,516.0,447.0,556.0,447.0,698.0,629.0,516.0,545.0,551.0,573.0,491.0,540.0,488.0,439.0,572.0,842.0,833.0,820.0,573.0,588.0,748.0,611.0,613.0,682.0,534.0,543.0,410.0,552.0,583.0,532.0,554.0,587.0,673.0,845.0,529.0,466.0,502.0,462.0,574.0,700.0,603.0,729.0,612.0,662.0,666.0,770.0,659.0,617.0
Östersund,752.0,722.0,656.0,914.0,904.0,929.0,914.0,911.0,959.0,861.0,859.0,874.0,696.0,729.0,885.0,968.0,1063.0,907.0,857.0,860.0,772.0,903.0,800.0,757.0,990.0,1094.0,823.0,864.0,1227.0,1236.0,879.0,1140.0,1005.0,1239.0,995.0,844.0,797.0,888.0,1033.0,909.0,888.0,932.0,1022.0,891.0,1032.0,933.0,1053.0,1282.0
Österåker,748.0,696.0,748.0,770.0,1104.0,852.0,740.0,797.0,1005.0,1018.0,924.0,666.0,656.0,583.0,740.0,811.0,793.0,926.0,803.0,852.0,833.0,997.0,1060.0,857.0,655.0,528.0,893.0,915.0,761.0,655.0,619.0,742.0,821.0,819.0,759.0,610.0,551.0,705.0,741.0,888.0,1203.0,859.0,745.0,821.0,871.0,911.0,686.0,724.0
Östhammar,357.0,282.0,521.0,422.0,615.0,887.0,690.0,648.0,469.0,540.0,446.0,451.0,477.0,356.0,374.0,552.0,543.0,758.0,651.0,679.0,660.0,421.0,538.0,286.0,368.0,312.0,331.0,461.0,573.0,717.0,731.0,904.0,363.0,536.0,517.0,429.0,394.0,496.0,431.0,543.0,575.0,719.0,584.0,821.0,501.0,570.0,505.0,584.0
Östra Göinge,2498.0,725.0,601.0,718.0,806.0,835.0,615.0,850.0,835.0,1018.0,754.0,710.0,610.0,472.0,494.0,595.0,639.0,849.0,893.0,603.0,806.0,835.0,995.0,806.0,787.0,665.0,772.0,715.0,737.0,729.0,815.0,844.0,794.0,880.0,622.0,801.0,659.0,667.0,787.0,702.0,752.0,844.0,723.0,1042.0,560.0,1163.0,659.0,546.0
Överkalix,837.0,260.0,231.0,260.0,231.0,404.0,923.0,692.0,548.0,779.0,462.0,635.0,292.0,117.0,205.0,205.0,1081.0,380.0,1052.0,614.0,1110.0,351.0,555.0,526.0,353.0,617.0,353.0,441.0,441.0,353.0,1411.0,1323.0,911.0,911.0,823.0,941.0,648.0,795.0,353.0,884.0,1031.0,677.0,1826.0,913.0,1031.0,677.0,383.0,884.0
Övertorneå,274.0,443.0,548.0,506.0,675.0,527.0,422.0,548.0,738.0,506.0,443.0,570.0,658.0,255.0,425.0,403.0,637.0,531.0,531.0,467.0,467.0,594.0,361.0,425.0,644.0,472.0,408.0,258.0,644.0,644.0,472.0,752.0,666.0,730.0,515.0,709.0,500.0,826.0,1238.0,673.0,826.0,826.0,348.0,782.0,1586.0,587.0,1260.0,521.0
